-- phpMyAdmin SQL Dump
-- version 5.2.1
-- https://www.phpmyadmin.net/
--
-- Host: 127.0.0.1
-- Generation Time: Feb 19, 2024 at 04:49 AM
-- Server version: 10.4.28-MariaDB
-- PHP Version: 8.2.4

SET SQL_MODE = "NO_AUTO_VALUE_ON_ZERO";
START TRANSACTION;
SET time_zone = "+00:00";


/*!40101 SET @OLD_CHARACTER_SET_CLIENT=@@CHARACTER_SET_CLIENT */;
/*!40101 SET @OLD_CHARACTER_SET_RESULTS=@@CHARACTER_SET_RESULTS */;
/*!40101 SET @OLD_COLLATION_CONNECTION=@@COLLATION_CONNECTION */;
/*!40101 SET NAMES utf8mb4 */;

--
-- Database: `decidess`
--

-- --------------------------------------------------------

--
-- Table structure for table `beneficiaries`
--

CREATE TABLE `beneficiaries` (
  `id` bigint(20) UNSIGNED NOT NULL,
  `pupil_id` bigint(20) UNSIGNED NOT NULL,
  `school_nurse_id` bigint(20) UNSIGNED NOT NULL,
  `class_id` bigint(20) UNSIGNED NOT NULL,
  `height` decimal(5,2) NOT NULL,
  `weight` decimal(6,2) NOT NULL,
  `bmi_category` enum('Severely Wasted','Wasted','Normal','Overweight','Obese') NOT NULL,
  `hfa_category` enum('Severely Stunted','Stunted','Normal','Tall') NOT NULL,
  `is_feeding_program` enum('0','1') NOT NULL DEFAULT '0',
  `is_deworming_program` enum('0','1') NOT NULL DEFAULT '0',
  `is_immunization_vax_program` enum('0','1') NOT NULL DEFAULT '0',
  `is_mental_healthcare_program` enum('0','1') NOT NULL DEFAULT '0',
  `is_dental_care_program` enum('0','1') NOT NULL DEFAULT '0',
  `is_eye_care_program` enum('0','1') NOT NULL DEFAULT '0',
  `is_health_wellness_program` enum('0','1') NOT NULL DEFAULT '0',
  `date_of_examination` date DEFAULT NULL,
  `explanation` varchar(255) DEFAULT NULL,
  `is_deleted` enum('0','1') NOT NULL,
  `created_at` timestamp NULL DEFAULT NULL,
  `updated_at` timestamp NULL DEFAULT NULL,
  `is_medical_support_program` enum('0','1') NOT NULL DEFAULT '0',
  `is_nursing_services` enum('0','1') NOT NULL DEFAULT '0',
  `menarche` enum('0','1') DEFAULT NULL,
  `immunization_specify` varchar(255) DEFAULT NULL,
  `is_immunized` enum('0','1') DEFAULT NULL,
  `iron_supplementation` enum('0','1') DEFAULT NULL,
  `schoolyear_id` bigint(20) UNSIGNED NOT NULL,
  `district_id` bigint(20) UNSIGNED DEFAULT NULL,
  `classadviser_id` bigint(20) UNSIGNED NOT NULL,
  `grade_level` enum('Kinder','1','2','3','4','5','6','SPED') DEFAULT NULL,
  `gender` enum('Male','Female') DEFAULT NULL
) ENGINE=InnoDB DEFAULT CHARSET=utf8mb4 COLLATE=utf8mb4_unicode_ci;

--
-- Dumping data for table `beneficiaries`
--

INSERT INTO `beneficiaries` (`id`, `pupil_id`, `school_nurse_id`, `class_id`, `height`, `weight`, `bmi_category`, `hfa_category`, `is_feeding_program`, `is_deworming_program`, `is_immunization_vax_program`, `is_mental_healthcare_program`, `is_dental_care_program`, `is_eye_care_program`, `is_health_wellness_program`, `date_of_examination`, `explanation`, `is_deleted`, `created_at`, `updated_at`, `is_medical_support_program`, `is_nursing_services`, `menarche`, `immunization_specify`, `is_immunized`, `iron_supplementation`, `schoolyear_id`, `district_id`, `classadviser_id`, `grade_level`, `gender`) VALUES
(32, 96, 37, 11, 1.19, 24.00, 'Wasted', 'Normal', '1', '0', '0', '0', '0', '0', '0', NULL, NULL, '0', '2024-01-18 00:03:49', '2024-01-18 00:03:49', '0', '0', NULL, NULL, NULL, NULL, 17, 8, 282, NULL, NULL),
(34, 96, 37, 14, 1.21, 28.00, 'Severely Wasted', 'Severely Stunted', '1', '1', '1', '0', '0', '0', '0', NULL, NULL, '0', '2024-02-03 10:15:12', '2024-02-18 09:39:27', '0', '0', NULL, NULL, NULL, NULL, 18, 8, 48, '1', 'Male'),
(35, 96, 37, 15, 1.19, 24.00, 'Overweight', 'Normal', '1', '0', '1', '0', '0', '1', '0', NULL, NULL, '0', '2024-02-18 09:39:27', '2024-02-18 11:15:59', '0', '0', NULL, NULL, NULL, NULL, 19, 8, 48, '2', 'Male');

-- --------------------------------------------------------

--
-- Table structure for table `class`
--

CREATE TABLE `class` (
  `id` bigint(20) UNSIGNED NOT NULL,
  `schoolyear_id` bigint(20) UNSIGNED NOT NULL,
  `section_id` bigint(20) UNSIGNED DEFAULT NULL,
  `school_id` bigint(20) UNSIGNED NOT NULL,
  `grade_level` enum('Kinder','1','2','3','4','5','6','SPED') NOT NULL,
  `classadviser_id` bigint(20) UNSIGNED NOT NULL,
  `section` varchar(255) NOT NULL,
  `is_deleted` enum('0','1') NOT NULL DEFAULT '0',
  `created_at` timestamp NULL DEFAULT NULL,
  `updated_at` timestamp NULL DEFAULT NULL
) ENGINE=InnoDB DEFAULT CHARSET=utf8mb4 COLLATE=utf8mb4_unicode_ci;

--
-- Dumping data for table `class`
--

INSERT INTO `class` (`id`, `schoolyear_id`, `section_id`, `school_id`, `grade_level`, `classadviser_id`, `section`, `is_deleted`, `created_at`, `updated_at`) VALUES
(11, 17, 8, 11, 'Kinder', 282, '', '0', '2024-01-17 00:18:18', '2024-01-17 00:18:18'),
(14, 18, 9, 11, '1', 48, '', '0', '2024-01-22 01:54:56', '2024-01-22 01:54:56'),
(15, 19, 10, 11, '2', 48, '', '0', '2024-02-18 09:32:18', '2024-02-18 09:32:18');

-- --------------------------------------------------------

--
-- Table structure for table `cnsr_list`
--

CREATE TABLE `cnsr_list` (
  `id` bigint(20) UNSIGNED NOT NULL,
  `cnsr_code` varchar(255) DEFAULT NULL,
  `school_id` bigint(20) UNSIGNED NOT NULL,
  `school_nurse_id` bigint(20) UNSIGNED NOT NULL,
  `schoolyear_id` bigint(20) UNSIGNED NOT NULL,
  `version` enum('Baseline','Endline') DEFAULT NULL,
  `no_of_pupils` int(11) DEFAULT NULL,
  `no_of_male_pupils` int(11) DEFAULT NULL,
  `no_of_female_pupils` int(11) DEFAULT NULL,
  `no_of_severely_stunted` int(11) DEFAULT NULL,
  `no_of_male_severely_stunted` int(11) DEFAULT NULL,
  `no_of_female_severely_stunted` int(11) DEFAULT NULL,
  `no_of_stunted` int(11) DEFAULT NULL,
  `no_of_male_stunted` int(11) DEFAULT NULL,
  `no_of_female_stunted` int(11) DEFAULT NULL,
  `no_of_height_normal` int(11) DEFAULT NULL,
  `no_of_male_height_normal` int(11) DEFAULT NULL,
  `no_of_female_height_normal` int(11) DEFAULT NULL,
  `no_of_tall` int(11) DEFAULT NULL,
  `no_of_male_tall` int(11) DEFAULT NULL,
  `no_of_female_tall` int(11) DEFAULT NULL,
  `no_of_stunted_pupils` int(11) DEFAULT NULL,
  `no_of_male_stunted_pupils` int(11) DEFAULT NULL,
  `no_of_female_stunted_pupils` int(11) DEFAULT NULL,
  `no_of_severely_wasted` int(11) DEFAULT NULL,
  `no_of_male_severely_wasted` int(11) DEFAULT NULL,
  `no_of_female_severely_wasted` int(11) DEFAULT NULL,
  `no_of_wasted` int(11) DEFAULT NULL,
  `no_of_male_wasted` int(11) DEFAULT NULL,
  `no_of_female_wasted` int(11) DEFAULT NULL,
  `no_of_weight_normal` int(11) DEFAULT NULL,
  `no_of_male_weight_normal` int(11) DEFAULT NULL,
  `no_of_female_weight_normal` int(11) DEFAULT NULL,
  `no_of_overweight` int(11) DEFAULT NULL,
  `no_of_male_overweight` int(11) DEFAULT NULL,
  `no_of_female_overweight` int(11) DEFAULT NULL,
  `no_of_obese` int(11) DEFAULT NULL,
  `no_of_male_obese` int(11) DEFAULT NULL,
  `no_of_female_obese` int(11) DEFAULT NULL,
  `no_of_malnourished_pupils` int(11) DEFAULT NULL,
  `no_of_male_malnourished_pupils` int(11) DEFAULT NULL,
  `no_of_female_malnourished_pupils` int(11) DEFAULT NULL,
  `district_cnsr_id` bigint(20) UNSIGNED DEFAULT NULL,
  `is_approved` enum('0','1') NOT NULL,
  `approved_date` date DEFAULT NULL,
  `is_deleted` enum('0','1') NOT NULL,
  `created_at` timestamp NULL DEFAULT NULL,
  `updated_at` timestamp NULL DEFAULT NULL
) ENGINE=InnoDB DEFAULT CHARSET=utf8mb4 COLLATE=utf8mb4_unicode_ci;

--
-- Dumping data for table `cnsr_list`
--

INSERT INTO `cnsr_list` (`id`, `cnsr_code`, `school_id`, `school_nurse_id`, `schoolyear_id`, `version`, `no_of_pupils`, `no_of_male_pupils`, `no_of_female_pupils`, `no_of_severely_stunted`, `no_of_male_severely_stunted`, `no_of_female_severely_stunted`, `no_of_stunted`, `no_of_male_stunted`, `no_of_female_stunted`, `no_of_height_normal`, `no_of_male_height_normal`, `no_of_female_height_normal`, `no_of_tall`, `no_of_male_tall`, `no_of_female_tall`, `no_of_stunted_pupils`, `no_of_male_stunted_pupils`, `no_of_female_stunted_pupils`, `no_of_severely_wasted`, `no_of_male_severely_wasted`, `no_of_female_severely_wasted`, `no_of_wasted`, `no_of_male_wasted`, `no_of_female_wasted`, `no_of_weight_normal`, `no_of_male_weight_normal`, `no_of_female_weight_normal`, `no_of_overweight`, `no_of_male_overweight`, `no_of_female_overweight`, `no_of_obese`, `no_of_male_obese`, `no_of_female_obese`, `no_of_malnourished_pupils`, `no_of_male_malnourished_pupils`, `no_of_female_malnourished_pupils`, `district_cnsr_id`, `is_approved`, `approved_date`, `is_deleted`, `created_at`, `updated_at`) VALUES
(2, '37-17-11', 11, 37, 17, NULL, 0, 0, 0, 0, 0, 0, 0, 0, 0, 0, 0, 0, 0, 0, 0, 0, 0, 0, 0, 0, 0, 0, 0, 0, 0, 0, 0, 0, 0, 0, 0, 0, 0, 0, 0, 0, NULL, '0', NULL, '0', '2024-01-17 23:52:53', '2024-01-17 23:52:53'),
(4, '37-18-11', 11, 37, 18, NULL, 1, 1, 0, 0, 0, 0, 0, 0, 0, 1, 1, 0, 0, 0, 0, 0, 0, 0, 0, 0, 0, 0, 0, 0, 1, 1, 0, 0, 0, 0, 0, 0, 0, 0, 0, 0, NULL, '0', NULL, '0', '2024-01-23 20:21:21', '2024-01-23 21:06:26'),
(5, '37-18-11', 11, 37, 18, 'Endline', 1, 1, 0, 0, 0, 0, 0, 0, 0, 1, 1, 0, 0, 0, 0, 0, 0, 0, 0, 0, 0, 0, 0, 0, 1, 1, 0, 0, 0, 0, 0, 0, 0, 0, 0, 0, NULL, '0', NULL, '0', '2024-02-01 02:19:53', '2024-02-01 02:19:53'),
(6, '37-19-11', 11, 37, 19, 'Endline', 1, 1, 0, 0, 0, 0, 0, 0, 0, 1, 1, 0, 0, 0, 0, 0, 0, 0, 0, 0, 0, 0, 0, 0, 0, 0, 0, 1, 1, 0, 0, 0, 0, 0, 0, 0, NULL, '0', NULL, '0', '2024-02-18 09:39:27', '2024-02-18 10:05:48');

-- --------------------------------------------------------

--
-- Table structure for table `districts_table`
--

CREATE TABLE `districts_table` (
  `id` bigint(20) UNSIGNED NOT NULL,
  `district` varchar(50) NOT NULL,
  `medical_officer_id` bigint(20) UNSIGNED NOT NULL,
  `is_deleted` enum('0','1') NOT NULL DEFAULT '0',
  `created_at` timestamp NULL DEFAULT NULL,
  `updated_at` timestamp NULL DEFAULT NULL
) ENGINE=InnoDB DEFAULT CHARSET=utf8mb4 COLLATE=utf8mb4_unicode_ci;

--
-- Dumping data for table `districts_table`
--

INSERT INTO `districts_table` (`id`, `district`, `medical_officer_id`, `is_deleted`, `created_at`, `updated_at`) VALUES
(8, 'Daraga North', 9, '0', '2023-12-13 23:16:15', '2023-12-13 23:16:15');

-- --------------------------------------------------------

--
-- Table structure for table `district_cnsr_list`
--

CREATE TABLE `district_cnsr_list` (
  `id` bigint(20) UNSIGNED NOT NULL,
  `district_cnsr_code` varchar(255) DEFAULT NULL,
  `district_id` bigint(20) UNSIGNED NOT NULL,
  `medical_officer_id` bigint(20) UNSIGNED NOT NULL,
  `schoolyear_id` bigint(20) UNSIGNED NOT NULL,
  `no_of_pupils` int(11) DEFAULT NULL,
  `no_of_male_pupils` int(11) DEFAULT NULL,
  `no_of_female_pupils` int(11) DEFAULT NULL,
  `no_of_severely_stunted` int(11) DEFAULT NULL,
  `no_of_male_severely_stunted` int(11) DEFAULT NULL,
  `no_of_female_severely_stunted` int(11) DEFAULT NULL,
  `no_of_stunted` int(11) DEFAULT NULL,
  `no_of_male_stunted` int(11) DEFAULT NULL,
  `no_of_female_stunted` int(11) DEFAULT NULL,
  `no_of_height_normal` int(11) DEFAULT NULL,
  `no_of_male_height_normal` int(11) DEFAULT NULL,
  `no_of_female_height_normal` int(11) DEFAULT NULL,
  `no_of_tall` int(11) DEFAULT NULL,
  `no_of_male_tall` int(11) DEFAULT NULL,
  `no_of_female_tall` int(11) DEFAULT NULL,
  `no_of_stunted_pupils` int(11) DEFAULT NULL,
  `no_of_male_stunted_pupils` int(11) DEFAULT NULL,
  `no_of_female_stunted_pupils` int(11) DEFAULT NULL,
  `no_of_severely_wasted` int(11) DEFAULT NULL,
  `no_of_male_severely_wasted` int(11) DEFAULT NULL,
  `no_of_female_severely_wasted` int(11) DEFAULT NULL,
  `no_of_wasted` int(11) DEFAULT NULL,
  `no_of_male_wasted` int(11) DEFAULT NULL,
  `no_of_female_wasted` int(11) DEFAULT NULL,
  `no_of_weight_normal` int(11) DEFAULT NULL,
  `no_of_male_weight_normal` int(11) DEFAULT NULL,
  `no_of_female_weight_normal` int(11) DEFAULT NULL,
  `no_of_overweight` int(11) DEFAULT NULL,
  `no_of_male_overweight` int(11) DEFAULT NULL,
  `no_of_female_overweight` int(11) DEFAULT NULL,
  `no_of_obese` int(11) DEFAULT NULL,
  `no_of_male_obese` int(11) DEFAULT NULL,
  `no_of_female_obese` int(11) DEFAULT NULL,
  `no_of_malnourished_pupils` int(11) DEFAULT NULL,
  `no_of_male_malnourished_pupils` int(11) DEFAULT NULL,
  `no_of_female_malnourished_pupils` int(11) DEFAULT NULL,
  `is_approved` enum('0','1') NOT NULL,
  `approved_date` date DEFAULT NULL,
  `is_deleted` enum('0','1') NOT NULL,
  `created_at` timestamp NULL DEFAULT NULL,
  `updated_at` timestamp NULL DEFAULT NULL
) ENGINE=InnoDB DEFAULT CHARSET=utf8mb4 COLLATE=utf8mb4_unicode_ci;

-- --------------------------------------------------------

--
-- Table structure for table `health_conduct`
--

CREATE TABLE `health_conduct` (
  `id` int(11) NOT NULL,
  `pupil_id` bigint(20) UNSIGNED DEFAULT NULL,
  `class_id` bigint(20) UNSIGNED DEFAULT NULL,
  `vaccination1` enum('0','1') NOT NULL,
  `vaccination2` enum('0','1') NOT NULL,
  `vaccination3` enum('0','1') NOT NULL,
  `vaccination4` enum('0','1') NOT NULL,
  `feeding1` enum('0','1') NOT NULL,
  `feeding2` enum('0','1') NOT NULL,
  `feeding3` enum('0','1') NOT NULL,
  `feeding4` enum('0','1') NOT NULL,
  `feeding5` enum('0','1') NOT NULL,
  `deworming1` enum('0','1') NOT NULL,
  `deworming2` enum('0','1') NOT NULL,
  `deworming3` enum('0','1') NOT NULL,
  `deworming4` enum('0','1') NOT NULL,
  `dental1` enum('0','1') NOT NULL,
  `dental2` enum('0','1') NOT NULL,
  `dental3` enum('0','1') NOT NULL,
  `dental4` enum('0','1') NOT NULL,
  `dental5` enum('0','1') NOT NULL,
  `mental1` enum('0','1') NOT NULL,
  `mental2` enum('0','1') NOT NULL,
  `mental3` enum('0','1') NOT NULL,
  `mental4` enum('0','1') NOT NULL,
  `mental5` enum('0','1') NOT NULL,
  `mental6` enum('0','1') NOT NULL,
  `mental7` enum('0','1') NOT NULL,
  `eye1` enum('0','1') NOT NULL,
  `eye2` enum('0','1') NOT NULL,
  `eye3` enum('0','1') NOT NULL,
  `eye4` enum('0','1') NOT NULL,
  `health1` enum('0','1') NOT NULL,
  `health2` enum('0','1') NOT NULL,
  `health3` enum('0','1') NOT NULL,
  `health4` enum('0','1') NOT NULL,
  `is_deleted` enum('0','1') NOT NULL,
  `created_at` timestamp NOT NULL DEFAULT current_timestamp(),
  `updated_at` timestamp NOT NULL DEFAULT current_timestamp() ON UPDATE current_timestamp()
) ENGINE=InnoDB DEFAULT CHARSET=utf8mb4 COLLATE=utf8mb4_general_ci;

--
-- Dumping data for table `health_conduct`
--

INSERT INTO `health_conduct` (`id`, `pupil_id`, `class_id`, `vaccination1`, `vaccination2`, `vaccination3`, `vaccination4`, `feeding1`, `feeding2`, `feeding3`, `feeding4`, `feeding5`, `deworming1`, `deworming2`, `deworming3`, `deworming4`, `dental1`, `dental2`, `dental3`, `dental4`, `dental5`, `mental1`, `mental2`, `mental3`, `mental4`, `mental5`, `mental6`, `mental7`, `eye1`, `eye2`, `eye3`, `eye4`, `health1`, `health2`, `health3`, `health4`, `is_deleted`, `created_at`, `updated_at`) VALUES
(9, 96, 14, '1', '1', '1', '0', '0', '0', '0', '0', '0', '0', '0', '0', '0', '0', '0', '0', '0', '0', '0', '0', '0', '0', '0', '0', '0', '0', '0', '0', '0', '0', '0', '0', '0', '0', '2024-02-03 10:16:45', '2024-02-04 05:51:06'),
(11, 100, 14, '1', '1', '0', '0', '0', '0', '0', '0', '0', '1', '1', '1', '0', '0', '0', '0', '0', '0', '0', '0', '0', '0', '0', '0', '0', '0', '0', '0', '0', '0', '0', '0', '0', '0', '2024-02-15 08:10:44', '2024-02-15 08:10:44'),
(12, 96, 15, '0', '1', '0', '0', '0', '0', '0', '0', '0', '0', '0', '0', '0', '0', '0', '0', '0', '0', '0', '0', '0', '0', '0', '0', '0', '0', '1', '0', '0', '0', '0', '0', '0', '0', '2024-02-18 11:15:59', '2024-02-18 11:15:59');

-- --------------------------------------------------------

--
-- Table structure for table `hfa_standards`
--

CREATE TABLE `hfa_standards` (
  `id` bigint(20) UNSIGNED NOT NULL,
  `age` int(11) NOT NULL,
  `sex` enum('Male','Female') NOT NULL,
  `negative_thirdSD` decimal(5,2) NOT NULL,
  `negative_secondSD` decimal(5,2) NOT NULL,
  `negative_firstSD` decimal(5,2) NOT NULL,
  `median` decimal(5,2) NOT NULL,
  `firstSD` decimal(5,2) NOT NULL,
  `secondSD` decimal(5,2) NOT NULL,
  `thirdSD` decimal(5,2) NOT NULL,
  `created_at` timestamp NULL DEFAULT NULL,
  `updated_at` timestamp NULL DEFAULT NULL
) ENGINE=InnoDB DEFAULT CHARSET=utf8mb4 COLLATE=utf8mb4_unicode_ci;

--
-- Dumping data for table `hfa_standards`
--

INSERT INTO `hfa_standards` (`id`, `age`, `sex`, `negative_thirdSD`, `negative_secondSD`, `negative_firstSD`, `median`, `firstSD`, `secondSD`, `thirdSD`, `created_at`, `updated_at`) VALUES
(1, 5, 'Female', 97.00, 101.90, 106.80, 111.70, 116.60, 121.50, 126.40, '2023-12-13 23:16:15', '2023-12-13 23:16:15'),
(2, 6, 'Female', 101.70, 107.00, 112.20, 117.50, 122.80, 128.00, 133.30, '2023-12-13 23:16:15', '2023-12-13 23:16:15'),
(3, 7, 'Female', 106.40, 112.00, 117.60, 123.20, 128.80, 134.40, 140.00, '2023-12-13 23:16:15', '2023-12-13 23:16:15'),
(4, 8, 'Female', 111.20, 117.10, 123.10, 129.00, 134.90, 140.90, 146.80, '2023-12-13 23:16:15', '2023-12-13 23:16:15'),
(5, 9, 'Female', 116.30, 122.60, 128.80, 135.00, 141.30, 147.50, 153.70, '2023-12-13 23:16:15', '2023-12-13 23:16:15'),
(6, 10, 'Female', 121.70, 128.20, 134.80, 141.30, 147.80, 154.30, 160.80, '2023-12-13 23:16:15', '2023-12-13 23:16:15'),
(7, 11, 'Female', 127.40, 134.20, 140.90, 147.70, 154.40, 161.10, 167.90, '2023-12-13 23:16:15', '2023-12-13 23:16:15'),
(8, 12, 'Female', 132.90, 139.80, 146.70, 153.60, 160.50, 167.40, 174.30, '2023-12-13 23:16:15', '2023-12-13 23:16:15'),
(9, 13, 'Female', 137.20, 144.10, 151.10, 158.00, 165.00, 171.90, 178.90, '2023-12-13 23:16:15', '2023-12-13 23:16:15'),
(10, 14, 'Female', 140.00, 146.90, 153.80, 160.70, 167.70, 174.60, 181.50, '2023-12-13 23:16:15', '2023-12-13 23:16:15'),
(11, 15, 'Female', 141.60, 148.40, 155.30, 162.10, 169.00, 175.80, 182.60, '2023-12-13 23:16:15', '2023-12-13 23:16:15'),
(12, 16, 'Female', 142.40, 149.20, 155.90, 162.70, 169.40, 176.20, 182.90, '2023-12-13 23:16:15', '2023-12-13 23:16:15'),
(13, 17, 'Female', 143.00, 149.60, 156.30, 162.90, 169.60, 176.30, 182.90, '2023-12-13 23:16:15', '2023-12-13 23:16:15'),
(14, 18, 'Female', 143.40, 150.00, 156.50, 163.10, 169.70, 176.30, 182.90, '2023-12-13 23:16:15', '2023-12-13 23:16:15'),
(15, 19, 'Female', 143.50, 150.10, 156.60, 163.20, 169.70, 176.20, 182.80, '2023-12-13 23:16:15', '2023-12-13 23:16:15'),
(16, 5, 'Male', 98.20, 103.00, 107.70, 112.40, 117.10, 121.80, 126.50, '2023-12-13 23:16:15', '2023-12-13 23:16:15'),
(17, 6, 'Male', 103.20, 108.20, 113.30, 118.40, 123.50, 128.50, 133.60, '2023-12-13 23:16:15', '2023-12-13 23:16:15'),
(18, 7, 'Male', 107.80, 113.20, 118.60, 124.10, 129.50, 134.90, 140.40, '2023-12-13 23:16:15', '2023-12-13 23:16:15'),
(19, 8, 'Male', 112.10, 117.90, 123.70, 129.50, 135.30, 141.10, 146.90, '2023-12-13 23:16:15', '2023-12-13 23:16:15'),
(20, 9, 'Male', 116.30, 122.40, 128.60, 134.70, 140.90, 147.10, 153.20, '2023-12-13 23:16:15', '2023-12-13 23:16:15'),
(21, 10, 'Male', 120.40, 126.90, 133.40, 140.00, 146.50, 153.00, 159.50, '2023-12-13 23:16:15', '2023-12-13 23:16:15'),
(22, 11, 'Male', 124.90, 131.70, 138.60, 145.50, 152.40, 159.30, 166.10, '2023-12-13 23:16:15', '2023-12-13 23:16:15'),
(23, 12, 'Male', 130.20, 137.40, 144.60, 151.90, 159.10, 166.30, 173.60, '2023-12-13 23:16:15', '2023-12-13 23:16:15'),
(24, 13, 'Male', 136.40, 144.00, 151.50, 159.10, 166.60, 174.20, 181.80, '2023-12-13 23:16:15', '2023-12-13 23:16:15'),
(25, 14, 'Male', 142.50, 150.30, 158.10, 165.80, 173.60, 181.30, 189.10, '2023-12-13 23:16:15', '2023-12-13 23:16:15'),
(26, 15, 'Male', 147.40, 155.20, 163.00, 170.80, 178.60, 186.40, 194.20, '2023-12-13 23:16:15', '2023-12-13 23:16:15'),
(27, 16, 'Male', 150.90, 158.60, 166.30, 174.00, 181.80, 189.50, 197.20, '2023-12-13 23:16:15', '2023-12-13 23:16:15'),
(28, 17, 'Male', 153.00, 160.50, 168.10, 175.70, 183.30, 190.80, 198.40, '2023-12-13 23:16:15', '2023-12-13 23:16:15'),
(29, 18, 'Male', 154.20, 161.60, 169.00, 176.40, 183.80, 191.10, 198.50, '2023-12-13 23:16:15', '2023-12-13 23:16:15'),
(30, 19, 'Male', 154.60, 161.90, 169.20, 176.50, 183.80, 191.10, 198.40, '2023-12-13 23:16:15', '2023-12-13 23:16:15'),
(31, 5, 'Female', 97.00, 101.90, 106.80, 111.70, 116.60, 121.50, 126.40, '2023-12-13 23:16:15', '2023-12-13 23:16:15'),
(32, 6, 'Female', 101.70, 107.00, 112.20, 117.50, 122.80, 128.00, 133.30, '2023-12-13 23:16:15', '2023-12-13 23:16:15'),
(33, 7, 'Female', 106.40, 112.00, 117.60, 123.20, 128.80, 134.40, 140.00, '2023-12-13 23:16:15', '2023-12-13 23:16:15'),
(34, 8, 'Female', 111.20, 117.10, 123.10, 129.00, 134.90, 140.90, 146.80, '2023-12-13 23:16:15', '2023-12-13 23:16:15'),
(35, 9, 'Female', 116.30, 122.60, 128.80, 135.00, 141.30, 147.50, 153.70, '2023-12-13 23:16:15', '2023-12-13 23:16:15'),
(36, 10, 'Female', 121.70, 128.20, 134.80, 141.30, 147.80, 154.30, 160.80, '2023-12-13 23:16:15', '2023-12-13 23:16:15'),
(37, 11, 'Female', 127.40, 134.20, 140.90, 147.70, 154.40, 161.10, 167.90, '2023-12-13 23:16:15', '2023-12-13 23:16:15'),
(38, 12, 'Female', 132.90, 139.80, 146.70, 153.60, 160.50, 167.40, 174.30, '2023-12-13 23:16:15', '2023-12-13 23:16:15'),
(39, 13, 'Female', 137.20, 144.10, 151.10, 158.00, 165.00, 171.90, 178.90, '2023-12-13 23:16:15', '2023-12-13 23:16:15'),
(40, 14, 'Female', 140.00, 146.90, 153.80, 160.70, 167.70, 174.60, 181.50, '2023-12-13 23:16:15', '2023-12-13 23:16:15'),
(41, 15, 'Female', 141.60, 148.40, 155.30, 162.10, 169.00, 175.80, 182.60, '2023-12-13 23:16:15', '2023-12-13 23:16:15'),
(42, 16, 'Female', 142.40, 149.20, 155.90, 162.70, 169.40, 176.20, 182.90, '2023-12-13 23:16:15', '2023-12-13 23:16:15'),
(43, 17, 'Female', 143.00, 149.60, 156.30, 162.90, 169.60, 176.30, 182.90, '2023-12-13 23:16:15', '2023-12-13 23:16:15'),
(44, 18, 'Female', 143.40, 150.00, 156.50, 163.10, 169.70, 176.30, 182.90, '2023-12-13 23:16:15', '2023-12-13 23:16:15'),
(45, 19, 'Female', 143.50, 150.10, 156.60, 163.20, 169.70, 176.20, 182.80, '2023-12-13 23:16:15', '2023-12-13 23:16:15'),
(46, 5, 'Male', 98.20, 103.00, 107.70, 112.40, 117.10, 121.80, 126.50, '2023-12-13 23:16:15', '2023-12-13 23:16:15'),
(47, 6, 'Male', 103.20, 108.20, 113.30, 118.40, 123.50, 128.50, 133.60, '2023-12-13 23:16:15', '2023-12-13 23:16:15'),
(48, 7, 'Male', 107.80, 113.20, 118.60, 124.10, 129.50, 134.90, 140.40, '2023-12-13 23:16:15', '2023-12-13 23:16:15'),
(49, 8, 'Male', 112.10, 117.90, 123.70, 129.50, 135.30, 141.10, 146.90, '2023-12-13 23:16:15', '2023-12-13 23:16:15'),
(50, 9, 'Male', 116.30, 122.40, 128.60, 134.70, 140.90, 147.10, 153.20, '2023-12-13 23:16:15', '2023-12-13 23:16:15'),
(51, 10, 'Male', 120.40, 126.90, 133.40, 140.00, 146.50, 153.00, 159.50, '2023-12-13 23:16:15', '2023-12-13 23:16:15'),
(52, 11, 'Male', 124.90, 131.70, 138.60, 145.50, 152.40, 159.30, 166.10, '2023-12-13 23:16:15', '2023-12-13 23:16:15'),
(53, 12, 'Male', 130.20, 137.40, 144.60, 151.90, 159.10, 166.30, 173.60, '2023-12-13 23:16:15', '2023-12-13 23:16:15'),
(54, 13, 'Male', 136.40, 144.00, 151.50, 159.10, 166.60, 174.20, 181.80, '2023-12-13 23:16:15', '2023-12-13 23:16:15'),
(55, 14, 'Male', 142.50, 150.30, 158.10, 165.80, 173.60, 181.30, 189.10, '2023-12-13 23:16:15', '2023-12-13 23:16:15'),
(56, 15, 'Male', 147.40, 155.20, 163.00, 170.80, 178.60, 186.40, 194.20, '2023-12-13 23:16:15', '2023-12-13 23:16:15'),
(57, 16, 'Male', 150.90, 158.60, 166.30, 174.00, 181.80, 189.50, 197.20, '2023-12-13 23:16:15', '2023-12-13 23:16:15'),
(58, 17, 'Male', 153.00, 160.50, 168.10, 175.70, 183.30, 190.80, 198.40, '2023-12-13 23:16:15', '2023-12-13 23:16:15'),
(59, 18, 'Male', 154.20, 161.60, 169.00, 176.40, 183.80, 191.10, 198.50, '2023-12-13 23:16:15', '2023-12-13 23:16:15'),
(60, 19, 'Male', 154.60, 161.90, 169.20, 176.50, 183.80, 191.10, 198.40, '2023-12-13 23:16:15', '2023-12-13 23:16:15'),
(61, 5, 'Female', 97.00, 101.90, 106.80, 111.70, 116.60, 121.50, 126.40, '2023-12-13 23:16:15', '2023-12-13 23:16:15'),
(62, 6, 'Female', 101.70, 107.00, 112.20, 117.50, 122.80, 128.00, 133.30, '2023-12-13 23:16:15', '2023-12-13 23:16:15'),
(63, 7, 'Female', 106.40, 112.00, 117.60, 123.20, 128.80, 134.40, 140.00, '2023-12-13 23:16:15', '2023-12-13 23:16:15'),
(64, 8, 'Female', 111.20, 117.10, 123.10, 129.00, 134.90, 140.90, 146.80, '2023-12-13 23:16:15', '2023-12-13 23:16:15'),
(65, 9, 'Female', 116.30, 122.60, 128.80, 135.00, 141.30, 147.50, 153.70, '2023-12-13 23:16:15', '2023-12-13 23:16:15'),
(66, 10, 'Female', 121.70, 128.20, 134.80, 141.30, 147.80, 154.30, 160.80, '2023-12-13 23:16:15', '2023-12-13 23:16:15'),
(67, 11, 'Female', 127.40, 134.20, 140.90, 147.70, 154.40, 161.10, 167.90, '2023-12-13 23:16:15', '2023-12-13 23:16:15'),
(68, 12, 'Female', 132.90, 139.80, 146.70, 153.60, 160.50, 167.40, 174.30, '2023-12-13 23:16:15', '2023-12-13 23:16:15'),
(69, 13, 'Female', 137.20, 144.10, 151.10, 158.00, 165.00, 171.90, 178.90, '2023-12-13 23:16:15', '2023-12-13 23:16:15'),
(70, 14, 'Female', 140.00, 146.90, 153.80, 160.70, 167.70, 174.60, 181.50, '2023-12-13 23:16:15', '2023-12-13 23:16:15'),
(71, 15, 'Female', 141.60, 148.40, 155.30, 162.10, 169.00, 175.80, 182.60, '2023-12-13 23:16:15', '2023-12-13 23:16:15'),
(72, 16, 'Female', 142.40, 149.20, 155.90, 162.70, 169.40, 176.20, 182.90, '2023-12-13 23:16:15', '2023-12-13 23:16:15'),
(73, 17, 'Female', 143.00, 149.60, 156.30, 162.90, 169.60, 176.30, 182.90, '2023-12-13 23:16:15', '2023-12-13 23:16:15'),
(74, 18, 'Female', 143.40, 150.00, 156.50, 163.10, 169.70, 176.30, 182.90, '2023-12-13 23:16:15', '2023-12-13 23:16:15'),
(75, 19, 'Female', 143.50, 150.10, 156.60, 163.20, 169.70, 176.20, 182.80, '2023-12-13 23:16:15', '2023-12-13 23:16:15'),
(76, 5, 'Male', 98.20, 103.00, 107.70, 112.40, 117.10, 121.80, 126.50, '2023-12-13 23:16:15', '2023-12-13 23:16:15'),
(77, 6, 'Male', 103.20, 108.20, 113.30, 118.40, 123.50, 128.50, 133.60, '2023-12-13 23:16:15', '2023-12-13 23:16:15'),
(78, 7, 'Male', 107.80, 113.20, 118.60, 124.10, 129.50, 134.90, 140.40, '2023-12-13 23:16:15', '2023-12-13 23:16:15'),
(79, 8, 'Male', 112.10, 117.90, 123.70, 129.50, 135.30, 141.10, 146.90, '2023-12-13 23:16:15', '2023-12-13 23:16:15'),
(80, 9, 'Male', 116.30, 122.40, 128.60, 134.70, 140.90, 147.10, 153.20, '2023-12-13 23:16:15', '2023-12-13 23:16:15'),
(81, 10, 'Male', 120.40, 126.90, 133.40, 140.00, 146.50, 153.00, 159.50, '2023-12-13 23:16:15', '2023-12-13 23:16:15'),
(82, 11, 'Male', 124.90, 131.70, 138.60, 145.50, 152.40, 159.30, 166.10, '2023-12-13 23:16:15', '2023-12-13 23:16:15'),
(83, 12, 'Male', 130.20, 137.40, 144.60, 151.90, 159.10, 166.30, 173.60, '2023-12-13 23:16:15', '2023-12-13 23:16:15'),
(84, 13, 'Male', 136.40, 144.00, 151.50, 159.10, 166.60, 174.20, 181.80, '2023-12-13 23:16:15', '2023-12-13 23:16:15'),
(85, 14, 'Male', 142.50, 150.30, 158.10, 165.80, 173.60, 181.30, 189.10, '2023-12-13 23:16:15', '2023-12-13 23:16:15'),
(86, 15, 'Male', 147.40, 155.20, 163.00, 170.80, 178.60, 186.40, 194.20, '2023-12-13 23:16:15', '2023-12-13 23:16:15'),
(87, 16, 'Male', 150.90, 158.60, 166.30, 174.00, 181.80, 189.50, 197.20, '2023-12-13 23:16:15', '2023-12-13 23:16:15'),
(88, 17, 'Male', 153.00, 160.50, 168.10, 175.70, 183.30, 190.80, 198.40, '2023-12-13 23:16:15', '2023-12-13 23:16:15'),
(89, 18, 'Male', 154.20, 161.60, 169.00, 176.40, 183.80, 191.10, 198.50, '2023-12-13 23:16:15', '2023-12-13 23:16:15'),
(90, 19, 'Male', 154.60, 161.90, 169.20, 176.50, 183.80, 191.10, 198.40, '2023-12-13 23:16:15', '2023-12-13 23:16:15'),
(91, 5, 'Female', 97.00, 101.90, 106.80, 111.70, 116.60, 121.50, 126.40, '2023-12-13 23:16:15', '2023-12-13 23:16:15'),
(92, 6, 'Female', 101.70, 107.00, 112.20, 117.50, 122.80, 128.00, 133.30, '2023-12-13 23:16:15', '2023-12-13 23:16:15'),
(93, 7, 'Female', 106.40, 112.00, 117.60, 123.20, 128.80, 134.40, 140.00, '2023-12-13 23:16:15', '2023-12-13 23:16:15'),
(94, 8, 'Female', 111.20, 117.10, 123.10, 129.00, 134.90, 140.90, 146.80, '2023-12-13 23:16:15', '2023-12-13 23:16:15'),
(95, 9, 'Female', 116.30, 122.60, 128.80, 135.00, 141.30, 147.50, 153.70, '2023-12-13 23:16:15', '2023-12-13 23:16:15'),
(96, 10, 'Female', 121.70, 128.20, 134.80, 141.30, 147.80, 154.30, 160.80, '2023-12-13 23:16:15', '2023-12-13 23:16:15'),
(97, 11, 'Female', 127.40, 134.20, 140.90, 147.70, 154.40, 161.10, 167.90, '2023-12-13 23:16:15', '2023-12-13 23:16:15'),
(98, 12, 'Female', 132.90, 139.80, 146.70, 153.60, 160.50, 167.40, 174.30, '2023-12-13 23:16:15', '2023-12-13 23:16:15'),
(99, 13, 'Female', 137.20, 144.10, 151.10, 158.00, 165.00, 171.90, 178.90, '2023-12-13 23:16:15', '2023-12-13 23:16:15'),
(100, 14, 'Female', 140.00, 146.90, 153.80, 160.70, 167.70, 174.60, 181.50, '2023-12-13 23:16:15', '2023-12-13 23:16:15'),
(101, 15, 'Female', 141.60, 148.40, 155.30, 162.10, 169.00, 175.80, 182.60, '2023-12-13 23:16:15', '2023-12-13 23:16:15'),
(102, 16, 'Female', 142.40, 149.20, 155.90, 162.70, 169.40, 176.20, 182.90, '2023-12-13 23:16:15', '2023-12-13 23:16:15'),
(103, 17, 'Female', 143.00, 149.60, 156.30, 162.90, 169.60, 176.30, 182.90, '2023-12-13 23:16:15', '2023-12-13 23:16:15'),
(104, 18, 'Female', 143.40, 150.00, 156.50, 163.10, 169.70, 176.30, 182.90, '2023-12-13 23:16:15', '2023-12-13 23:16:15'),
(105, 19, 'Female', 143.50, 150.10, 156.60, 163.20, 169.70, 176.20, 182.80, '2023-12-13 23:16:15', '2023-12-13 23:16:15'),
(106, 5, 'Male', 98.20, 103.00, 107.70, 112.40, 117.10, 121.80, 126.50, '2023-12-13 23:16:15', '2023-12-13 23:16:15'),
(107, 6, 'Male', 103.20, 108.20, 113.30, 118.40, 123.50, 128.50, 133.60, '2023-12-13 23:16:15', '2023-12-13 23:16:15'),
(108, 7, 'Male', 107.80, 113.20, 118.60, 124.10, 129.50, 134.90, 140.40, '2023-12-13 23:16:15', '2023-12-13 23:16:15'),
(109, 8, 'Male', 112.10, 117.90, 123.70, 129.50, 135.30, 141.10, 146.90, '2023-12-13 23:16:15', '2023-12-13 23:16:15'),
(110, 9, 'Male', 116.30, 122.40, 128.60, 134.70, 140.90, 147.10, 153.20, '2023-12-13 23:16:15', '2023-12-13 23:16:15'),
(111, 10, 'Male', 120.40, 126.90, 133.40, 140.00, 146.50, 153.00, 159.50, '2023-12-13 23:16:15', '2023-12-13 23:16:15'),
(112, 11, 'Male', 124.90, 131.70, 138.60, 145.50, 152.40, 159.30, 166.10, '2023-12-13 23:16:15', '2023-12-13 23:16:15'),
(113, 12, 'Male', 130.20, 137.40, 144.60, 151.90, 159.10, 166.30, 173.60, '2023-12-13 23:16:15', '2023-12-13 23:16:15'),
(114, 13, 'Male', 136.40, 144.00, 151.50, 159.10, 166.60, 174.20, 181.80, '2023-12-13 23:16:15', '2023-12-13 23:16:15'),
(115, 14, 'Male', 142.50, 150.30, 158.10, 165.80, 173.60, 181.30, 189.10, '2023-12-13 23:16:15', '2023-12-13 23:16:15'),
(116, 15, 'Male', 147.40, 155.20, 163.00, 170.80, 178.60, 186.40, 194.20, '2023-12-13 23:16:15', '2023-12-13 23:16:15'),
(117, 16, 'Male', 150.90, 158.60, 166.30, 174.00, 181.80, 189.50, 197.20, '2023-12-13 23:16:15', '2023-12-13 23:16:15'),
(118, 17, 'Male', 153.00, 160.50, 168.10, 175.70, 183.30, 190.80, 198.40, '2023-12-13 23:16:15', '2023-12-13 23:16:15'),
(119, 18, 'Male', 154.20, 161.60, 169.00, 176.40, 183.80, 191.10, 198.50, '2023-12-13 23:16:15', '2023-12-13 23:16:15'),
(120, 19, 'Male', 154.60, 161.90, 169.20, 176.50, 183.80, 191.10, 198.40, '2023-12-13 23:16:16', '2023-12-13 23:16:16'),
(121, 5, 'Female', 97.00, 101.90, 106.80, 111.70, 116.60, 121.50, 126.40, '2023-12-13 23:16:16', '2023-12-13 23:16:16'),
(122, 6, 'Female', 101.70, 107.00, 112.20, 117.50, 122.80, 128.00, 133.30, '2023-12-13 23:16:16', '2023-12-13 23:16:16'),
(123, 7, 'Female', 106.40, 112.00, 117.60, 123.20, 128.80, 134.40, 140.00, '2023-12-13 23:16:16', '2023-12-13 23:16:16'),
(124, 8, 'Female', 111.20, 117.10, 123.10, 129.00, 134.90, 140.90, 146.80, '2023-12-13 23:16:16', '2023-12-13 23:16:16'),
(125, 9, 'Female', 116.30, 122.60, 128.80, 135.00, 141.30, 147.50, 153.70, '2023-12-13 23:16:16', '2023-12-13 23:16:16'),
(126, 10, 'Female', 121.70, 128.20, 134.80, 141.30, 147.80, 154.30, 160.80, '2023-12-13 23:16:16', '2023-12-13 23:16:16'),
(127, 11, 'Female', 127.40, 134.20, 140.90, 147.70, 154.40, 161.10, 167.90, '2023-12-13 23:16:16', '2023-12-13 23:16:16'),
(128, 12, 'Female', 132.90, 139.80, 146.70, 153.60, 160.50, 167.40, 174.30, '2023-12-13 23:16:16', '2023-12-13 23:16:16'),
(129, 13, 'Female', 137.20, 144.10, 151.10, 158.00, 165.00, 171.90, 178.90, '2023-12-13 23:16:16', '2023-12-13 23:16:16'),
(130, 14, 'Female', 140.00, 146.90, 153.80, 160.70, 167.70, 174.60, 181.50, '2023-12-13 23:16:16', '2023-12-13 23:16:16'),
(131, 15, 'Female', 141.60, 148.40, 155.30, 162.10, 169.00, 175.80, 182.60, '2023-12-13 23:16:16', '2023-12-13 23:16:16'),
(132, 16, 'Female', 142.40, 149.20, 155.90, 162.70, 169.40, 176.20, 182.90, '2023-12-13 23:16:16', '2023-12-13 23:16:16'),
(133, 17, 'Female', 143.00, 149.60, 156.30, 162.90, 169.60, 176.30, 182.90, '2023-12-13 23:16:16', '2023-12-13 23:16:16'),
(134, 18, 'Female', 143.40, 150.00, 156.50, 163.10, 169.70, 176.30, 182.90, '2023-12-13 23:16:16', '2023-12-13 23:16:16'),
(135, 19, 'Female', 143.50, 150.10, 156.60, 163.20, 169.70, 176.20, 182.80, '2023-12-13 23:16:16', '2023-12-13 23:16:16'),
(136, 5, 'Male', 98.20, 103.00, 107.70, 112.40, 117.10, 121.80, 126.50, '2023-12-13 23:16:16', '2023-12-13 23:16:16'),
(137, 6, 'Male', 103.20, 108.20, 113.30, 118.40, 123.50, 128.50, 133.60, '2023-12-13 23:16:16', '2023-12-13 23:16:16'),
(138, 7, 'Male', 107.80, 113.20, 118.60, 124.10, 129.50, 134.90, 140.40, '2023-12-13 23:16:16', '2023-12-13 23:16:16'),
(139, 8, 'Male', 112.10, 117.90, 123.70, 129.50, 135.30, 141.10, 146.90, '2023-12-13 23:16:16', '2023-12-13 23:16:16'),
(140, 9, 'Male', 116.30, 122.40, 128.60, 134.70, 140.90, 147.10, 153.20, '2023-12-13 23:16:16', '2023-12-13 23:16:16'),
(141, 10, 'Male', 120.40, 126.90, 133.40, 140.00, 146.50, 153.00, 159.50, '2023-12-13 23:16:16', '2023-12-13 23:16:16'),
(142, 11, 'Male', 124.90, 131.70, 138.60, 145.50, 152.40, 159.30, 166.10, '2023-12-13 23:16:16', '2023-12-13 23:16:16'),
(143, 12, 'Male', 130.20, 137.40, 144.60, 151.90, 159.10, 166.30, 173.60, '2023-12-13 23:16:16', '2023-12-13 23:16:16'),
(144, 13, 'Male', 136.40, 144.00, 151.50, 159.10, 166.60, 174.20, 181.80, '2023-12-13 23:16:16', '2023-12-13 23:16:16'),
(145, 14, 'Male', 142.50, 150.30, 158.10, 165.80, 173.60, 181.30, 189.10, '2023-12-13 23:16:16', '2023-12-13 23:16:16'),
(146, 15, 'Male', 147.40, 155.20, 163.00, 170.80, 178.60, 186.40, 194.20, '2023-12-13 23:16:16', '2023-12-13 23:16:16'),
(147, 16, 'Male', 150.90, 158.60, 166.30, 174.00, 181.80, 189.50, 197.20, '2023-12-13 23:16:16', '2023-12-13 23:16:16'),
(148, 17, 'Male', 153.00, 160.50, 168.10, 175.70, 183.30, 190.80, 198.40, '2023-12-13 23:16:16', '2023-12-13 23:16:16'),
(149, 18, 'Male', 154.20, 161.60, 169.00, 176.40, 183.80, 191.10, 198.50, '2023-12-13 23:16:16', '2023-12-13 23:16:16'),
(150, 19, 'Male', 154.60, 161.90, 169.20, 176.50, 183.80, 191.10, 198.40, '2023-12-13 23:16:16', '2023-12-13 23:16:16'),
(151, 5, 'Female', 97.00, 101.90, 106.80, 111.70, 116.60, 121.50, 126.40, '2023-12-13 23:16:16', '2023-12-13 23:16:16'),
(152, 6, 'Female', 101.70, 107.00, 112.20, 117.50, 122.80, 128.00, 133.30, '2023-12-13 23:16:16', '2023-12-13 23:16:16'),
(153, 7, 'Female', 106.40, 112.00, 117.60, 123.20, 128.80, 134.40, 140.00, '2023-12-13 23:16:16', '2023-12-13 23:16:16'),
(154, 8, 'Female', 111.20, 117.10, 123.10, 129.00, 134.90, 140.90, 146.80, '2023-12-13 23:16:16', '2023-12-13 23:16:16'),
(155, 9, 'Female', 116.30, 122.60, 128.80, 135.00, 141.30, 147.50, 153.70, '2023-12-13 23:16:16', '2023-12-13 23:16:16'),
(156, 10, 'Female', 121.70, 128.20, 134.80, 141.30, 147.80, 154.30, 160.80, '2023-12-13 23:16:16', '2023-12-13 23:16:16'),
(157, 11, 'Female', 127.40, 134.20, 140.90, 147.70, 154.40, 161.10, 167.90, '2023-12-13 23:16:16', '2023-12-13 23:16:16'),
(158, 12, 'Female', 132.90, 139.80, 146.70, 153.60, 160.50, 167.40, 174.30, '2023-12-13 23:16:16', '2023-12-13 23:16:16'),
(159, 13, 'Female', 137.20, 144.10, 151.10, 158.00, 165.00, 171.90, 178.90, '2023-12-13 23:16:16', '2023-12-13 23:16:16'),
(160, 14, 'Female', 140.00, 146.90, 153.80, 160.70, 167.70, 174.60, 181.50, '2023-12-13 23:16:16', '2023-12-13 23:16:16'),
(161, 15, 'Female', 141.60, 148.40, 155.30, 162.10, 169.00, 175.80, 182.60, '2023-12-13 23:16:16', '2023-12-13 23:16:16'),
(162, 16, 'Female', 142.40, 149.20, 155.90, 162.70, 169.40, 176.20, 182.90, '2023-12-13 23:16:16', '2023-12-13 23:16:16'),
(163, 17, 'Female', 143.00, 149.60, 156.30, 162.90, 169.60, 176.30, 182.90, '2023-12-13 23:16:16', '2023-12-13 23:16:16'),
(164, 18, 'Female', 143.40, 150.00, 156.50, 163.10, 169.70, 176.30, 182.90, '2023-12-13 23:16:16', '2023-12-13 23:16:16'),
(165, 19, 'Female', 143.50, 150.10, 156.60, 163.20, 169.70, 176.20, 182.80, '2023-12-13 23:16:16', '2023-12-13 23:16:16'),
(166, 5, 'Male', 98.20, 103.00, 107.70, 112.40, 117.10, 121.80, 126.50, '2023-12-13 23:16:16', '2023-12-13 23:16:16'),
(167, 6, 'Male', 103.20, 108.20, 113.30, 118.40, 123.50, 128.50, 133.60, '2023-12-13 23:16:16', '2023-12-13 23:16:16'),
(168, 7, 'Male', 107.80, 113.20, 118.60, 124.10, 129.50, 134.90, 140.40, '2023-12-13 23:16:16', '2023-12-13 23:16:16'),
(169, 8, 'Male', 112.10, 117.90, 123.70, 129.50, 135.30, 141.10, 146.90, '2023-12-13 23:16:16', '2023-12-13 23:16:16'),
(170, 9, 'Male', 116.30, 122.40, 128.60, 134.70, 140.90, 147.10, 153.20, '2023-12-13 23:16:16', '2023-12-13 23:16:16'),
(171, 10, 'Male', 120.40, 126.90, 133.40, 140.00, 146.50, 153.00, 159.50, '2023-12-13 23:16:16', '2023-12-13 23:16:16'),
(172, 11, 'Male', 124.90, 131.70, 138.60, 145.50, 152.40, 159.30, 166.10, '2023-12-13 23:16:16', '2023-12-13 23:16:16'),
(173, 12, 'Male', 130.20, 137.40, 144.60, 151.90, 159.10, 166.30, 173.60, '2023-12-13 23:16:16', '2023-12-13 23:16:16'),
(174, 13, 'Male', 136.40, 144.00, 151.50, 159.10, 166.60, 174.20, 181.80, '2023-12-13 23:16:16', '2023-12-13 23:16:16'),
(175, 14, 'Male', 142.50, 150.30, 158.10, 165.80, 173.60, 181.30, 189.10, '2023-12-13 23:16:16', '2023-12-13 23:16:16'),
(176, 15, 'Male', 147.40, 155.20, 163.00, 170.80, 178.60, 186.40, 194.20, '2023-12-13 23:16:16', '2023-12-13 23:16:16'),
(177, 16, 'Male', 150.90, 158.60, 166.30, 174.00, 181.80, 189.50, 197.20, '2023-12-13 23:16:16', '2023-12-13 23:16:16'),
(178, 17, 'Male', 153.00, 160.50, 168.10, 175.70, 183.30, 190.80, 198.40, '2023-12-13 23:16:16', '2023-12-13 23:16:16'),
(179, 18, 'Male', 154.20, 161.60, 169.00, 176.40, 183.80, 191.10, 198.50, '2023-12-13 23:16:16', '2023-12-13 23:16:16'),
(180, 19, 'Male', 154.60, 161.90, 169.20, 176.50, 183.80, 191.10, 198.40, '2023-12-13 23:16:16', '2023-12-13 23:16:16'),
(181, 5, 'Female', 97.00, 101.90, 106.80, 111.70, 116.60, 121.50, 126.40, '2023-12-13 23:16:16', '2023-12-13 23:16:16'),
(182, 6, 'Female', 101.70, 107.00, 112.20, 117.50, 122.80, 128.00, 133.30, '2023-12-13 23:16:16', '2023-12-13 23:16:16'),
(183, 7, 'Female', 106.40, 112.00, 117.60, 123.20, 128.80, 134.40, 140.00, '2023-12-13 23:16:16', '2023-12-13 23:16:16'),
(184, 8, 'Female', 111.20, 117.10, 123.10, 129.00, 134.90, 140.90, 146.80, '2023-12-13 23:16:16', '2023-12-13 23:16:16'),
(185, 9, 'Female', 116.30, 122.60, 128.80, 135.00, 141.30, 147.50, 153.70, '2023-12-13 23:16:16', '2023-12-13 23:16:16'),
(186, 10, 'Female', 121.70, 128.20, 134.80, 141.30, 147.80, 154.30, 160.80, '2023-12-13 23:16:16', '2023-12-13 23:16:16'),
(187, 11, 'Female', 127.40, 134.20, 140.90, 147.70, 154.40, 161.10, 167.90, '2023-12-13 23:16:16', '2023-12-13 23:16:16'),
(188, 12, 'Female', 132.90, 139.80, 146.70, 153.60, 160.50, 167.40, 174.30, '2023-12-13 23:16:16', '2023-12-13 23:16:16'),
(189, 13, 'Female', 137.20, 144.10, 151.10, 158.00, 165.00, 171.90, 178.90, '2023-12-13 23:16:16', '2023-12-13 23:16:16'),
(190, 14, 'Female', 140.00, 146.90, 153.80, 160.70, 167.70, 174.60, 181.50, '2023-12-13 23:16:16', '2023-12-13 23:16:16'),
(191, 15, 'Female', 141.60, 148.40, 155.30, 162.10, 169.00, 175.80, 182.60, '2023-12-13 23:16:16', '2023-12-13 23:16:16'),
(192, 16, 'Female', 142.40, 149.20, 155.90, 162.70, 169.40, 176.20, 182.90, '2023-12-13 23:16:16', '2023-12-13 23:16:16'),
(193, 17, 'Female', 143.00, 149.60, 156.30, 162.90, 169.60, 176.30, 182.90, '2023-12-13 23:16:16', '2023-12-13 23:16:16'),
(194, 18, 'Female', 143.40, 150.00, 156.50, 163.10, 169.70, 176.30, 182.90, '2023-12-13 23:16:16', '2023-12-13 23:16:16'),
(195, 19, 'Female', 143.50, 150.10, 156.60, 163.20, 169.70, 176.20, 182.80, '2023-12-13 23:16:16', '2023-12-13 23:16:16'),
(196, 5, 'Male', 98.20, 103.00, 107.70, 112.40, 117.10, 121.80, 126.50, '2023-12-13 23:16:16', '2023-12-13 23:16:16'),
(197, 6, 'Male', 103.20, 108.20, 113.30, 118.40, 123.50, 128.50, 133.60, '2023-12-13 23:16:16', '2023-12-13 23:16:16'),
(198, 7, 'Male', 107.80, 113.20, 118.60, 124.10, 129.50, 134.90, 140.40, '2023-12-13 23:16:16', '2023-12-13 23:16:16'),
(199, 8, 'Male', 112.10, 117.90, 123.70, 129.50, 135.30, 141.10, 146.90, '2023-12-13 23:16:16', '2023-12-13 23:16:16'),
(200, 9, 'Male', 116.30, 122.40, 128.60, 134.70, 140.90, 147.10, 153.20, '2023-12-13 23:16:16', '2023-12-13 23:16:16'),
(201, 10, 'Male', 120.40, 126.90, 133.40, 140.00, 146.50, 153.00, 159.50, '2023-12-13 23:16:16', '2023-12-13 23:16:16'),
(202, 11, 'Male', 124.90, 131.70, 138.60, 145.50, 152.40, 159.30, 166.10, '2023-12-13 23:16:16', '2023-12-13 23:16:16'),
(203, 12, 'Male', 130.20, 137.40, 144.60, 151.90, 159.10, 166.30, 173.60, '2023-12-13 23:16:16', '2023-12-13 23:16:16'),
(204, 13, 'Male', 136.40, 144.00, 151.50, 159.10, 166.60, 174.20, 181.80, '2023-12-13 23:16:16', '2023-12-13 23:16:16'),
(205, 14, 'Male', 142.50, 150.30, 158.10, 165.80, 173.60, 181.30, 189.10, '2023-12-13 23:16:16', '2023-12-13 23:16:16'),
(206, 15, 'Male', 147.40, 155.20, 163.00, 170.80, 178.60, 186.40, 194.20, '2023-12-13 23:16:16', '2023-12-13 23:16:16'),
(207, 16, 'Male', 150.90, 158.60, 166.30, 174.00, 181.80, 189.50, 197.20, '2023-12-13 23:16:16', '2023-12-13 23:16:16'),
(208, 17, 'Male', 153.00, 160.50, 168.10, 175.70, 183.30, 190.80, 198.40, '2023-12-13 23:16:16', '2023-12-13 23:16:16'),
(209, 18, 'Male', 154.20, 161.60, 169.00, 176.40, 183.80, 191.10, 198.50, '2023-12-13 23:16:16', '2023-12-13 23:16:16'),
(210, 19, 'Male', 154.60, 161.90, 169.20, 176.50, 183.80, 191.10, 198.40, '2023-12-13 23:16:16', '2023-12-13 23:16:16'),
(211, 5, 'Female', 97.00, 101.90, 106.80, 111.70, 116.60, 121.50, 126.40, '2023-12-13 23:16:16', '2023-12-13 23:16:16'),
(212, 6, 'Female', 101.70, 107.00, 112.20, 117.50, 122.80, 128.00, 133.30, '2023-12-13 23:16:16', '2023-12-13 23:16:16'),
(213, 7, 'Female', 106.40, 112.00, 117.60, 123.20, 128.80, 134.40, 140.00, '2023-12-13 23:16:16', '2023-12-13 23:16:16'),
(214, 8, 'Female', 111.20, 117.10, 123.10, 129.00, 134.90, 140.90, 146.80, '2023-12-13 23:16:16', '2023-12-13 23:16:16'),
(215, 9, 'Female', 116.30, 122.60, 128.80, 135.00, 141.30, 147.50, 153.70, '2023-12-13 23:16:16', '2023-12-13 23:16:16'),
(216, 10, 'Female', 121.70, 128.20, 134.80, 141.30, 147.80, 154.30, 160.80, '2023-12-13 23:16:16', '2023-12-13 23:16:16'),
(217, 11, 'Female', 127.40, 134.20, 140.90, 147.70, 154.40, 161.10, 167.90, '2023-12-13 23:16:16', '2023-12-13 23:16:16'),
(218, 12, 'Female', 132.90, 139.80, 146.70, 153.60, 160.50, 167.40, 174.30, '2023-12-13 23:16:16', '2023-12-13 23:16:16'),
(219, 13, 'Female', 137.20, 144.10, 151.10, 158.00, 165.00, 171.90, 178.90, '2023-12-13 23:16:16', '2023-12-13 23:16:16'),
(220, 14, 'Female', 140.00, 146.90, 153.80, 160.70, 167.70, 174.60, 181.50, '2023-12-13 23:16:16', '2023-12-13 23:16:16'),
(221, 15, 'Female', 141.60, 148.40, 155.30, 162.10, 169.00, 175.80, 182.60, '2023-12-13 23:16:16', '2023-12-13 23:16:16'),
(222, 16, 'Female', 142.40, 149.20, 155.90, 162.70, 169.40, 176.20, 182.90, '2023-12-13 23:16:16', '2023-12-13 23:16:16'),
(223, 17, 'Female', 143.00, 149.60, 156.30, 162.90, 169.60, 176.30, 182.90, '2023-12-13 23:16:16', '2023-12-13 23:16:16'),
(224, 18, 'Female', 143.40, 150.00, 156.50, 163.10, 169.70, 176.30, 182.90, '2023-12-13 23:16:16', '2023-12-13 23:16:16'),
(225, 19, 'Female', 143.50, 150.10, 156.60, 163.20, 169.70, 176.20, 182.80, '2023-12-13 23:16:16', '2023-12-13 23:16:16'),
(226, 5, 'Male', 98.20, 103.00, 107.70, 112.40, 117.10, 121.80, 126.50, '2023-12-13 23:16:16', '2023-12-13 23:16:16'),
(227, 6, 'Male', 103.20, 108.20, 113.30, 118.40, 123.50, 128.50, 133.60, '2023-12-13 23:16:16', '2023-12-13 23:16:16'),
(228, 7, 'Male', 107.80, 113.20, 118.60, 124.10, 129.50, 134.90, 140.40, '2023-12-13 23:16:16', '2023-12-13 23:16:16'),
(229, 8, 'Male', 112.10, 117.90, 123.70, 129.50, 135.30, 141.10, 146.90, '2023-12-13 23:16:16', '2023-12-13 23:16:16'),
(230, 9, 'Male', 116.30, 122.40, 128.60, 134.70, 140.90, 147.10, 153.20, '2023-12-13 23:16:16', '2023-12-13 23:16:16'),
(231, 10, 'Male', 120.40, 126.90, 133.40, 140.00, 146.50, 153.00, 159.50, '2023-12-13 23:16:16', '2023-12-13 23:16:16'),
(232, 11, 'Male', 124.90, 131.70, 138.60, 145.50, 152.40, 159.30, 166.10, '2023-12-13 23:16:16', '2023-12-13 23:16:16'),
(233, 12, 'Male', 130.20, 137.40, 144.60, 151.90, 159.10, 166.30, 173.60, '2023-12-13 23:16:16', '2023-12-13 23:16:16'),
(234, 13, 'Male', 136.40, 144.00, 151.50, 159.10, 166.60, 174.20, 181.80, '2023-12-13 23:16:16', '2023-12-13 23:16:16'),
(235, 14, 'Male', 142.50, 150.30, 158.10, 165.80, 173.60, 181.30, 189.10, '2023-12-13 23:16:16', '2023-12-13 23:16:16'),
(236, 15, 'Male', 147.40, 155.20, 163.00, 170.80, 178.60, 186.40, 194.20, '2023-12-13 23:16:16', '2023-12-13 23:16:16'),
(237, 16, 'Male', 150.90, 158.60, 166.30, 174.00, 181.80, 189.50, 197.20, '2023-12-13 23:16:16', '2023-12-13 23:16:16'),
(238, 17, 'Male', 153.00, 160.50, 168.10, 175.70, 183.30, 190.80, 198.40, '2023-12-13 23:16:16', '2023-12-13 23:16:16'),
(239, 18, 'Male', 154.20, 161.60, 169.00, 176.40, 183.80, 191.10, 198.50, '2023-12-13 23:16:16', '2023-12-13 23:16:16'),
(240, 19, 'Male', 154.60, 161.90, 169.20, 176.50, 183.80, 191.10, 198.40, '2023-12-13 23:16:16', '2023-12-13 23:16:16'),
(241, 5, 'Female', 97.00, 101.90, 106.80, 111.70, 116.60, 121.50, 126.40, '2023-12-13 23:16:16', '2023-12-13 23:16:16'),
(242, 6, 'Female', 101.70, 107.00, 112.20, 117.50, 122.80, 128.00, 133.30, '2023-12-13 23:16:16', '2023-12-13 23:16:16'),
(243, 7, 'Female', 106.40, 112.00, 117.60, 123.20, 128.80, 134.40, 140.00, '2023-12-13 23:16:16', '2023-12-13 23:16:16'),
(244, 8, 'Female', 111.20, 117.10, 123.10, 129.00, 134.90, 140.90, 146.80, '2023-12-13 23:16:16', '2023-12-13 23:16:16'),
(245, 9, 'Female', 116.30, 122.60, 128.80, 135.00, 141.30, 147.50, 153.70, '2023-12-13 23:16:16', '2023-12-13 23:16:16'),
(246, 10, 'Female', 121.70, 128.20, 134.80, 141.30, 147.80, 154.30, 160.80, '2023-12-13 23:16:16', '2023-12-13 23:16:16'),
(247, 11, 'Female', 127.40, 134.20, 140.90, 147.70, 154.40, 161.10, 167.90, '2023-12-13 23:16:16', '2023-12-13 23:16:16'),
(248, 12, 'Female', 132.90, 139.80, 146.70, 153.60, 160.50, 167.40, 174.30, '2023-12-13 23:16:16', '2023-12-13 23:16:16'),
(249, 13, 'Female', 137.20, 144.10, 151.10, 158.00, 165.00, 171.90, 178.90, '2023-12-13 23:16:16', '2023-12-13 23:16:16'),
(250, 14, 'Female', 140.00, 146.90, 153.80, 160.70, 167.70, 174.60, 181.50, '2023-12-13 23:16:16', '2023-12-13 23:16:16'),
(251, 15, 'Female', 141.60, 148.40, 155.30, 162.10, 169.00, 175.80, 182.60, '2023-12-13 23:16:16', '2023-12-13 23:16:16'),
(252, 16, 'Female', 142.40, 149.20, 155.90, 162.70, 169.40, 176.20, 182.90, '2023-12-13 23:16:16', '2023-12-13 23:16:16'),
(253, 17, 'Female', 143.00, 149.60, 156.30, 162.90, 169.60, 176.30, 182.90, '2023-12-13 23:16:16', '2023-12-13 23:16:16'),
(254, 18, 'Female', 143.40, 150.00, 156.50, 163.10, 169.70, 176.30, 182.90, '2023-12-13 23:16:16', '2023-12-13 23:16:16'),
(255, 19, 'Female', 143.50, 150.10, 156.60, 163.20, 169.70, 176.20, 182.80, '2023-12-13 23:16:16', '2023-12-13 23:16:16'),
(256, 5, 'Male', 98.20, 103.00, 107.70, 112.40, 117.10, 121.80, 126.50, '2023-12-13 23:16:16', '2023-12-13 23:16:16'),
(257, 6, 'Male', 103.20, 108.20, 113.30, 118.40, 123.50, 128.50, 133.60, '2023-12-13 23:16:16', '2023-12-13 23:16:16'),
(258, 7, 'Male', 107.80, 113.20, 118.60, 124.10, 129.50, 134.90, 140.40, '2023-12-13 23:16:16', '2023-12-13 23:16:16'),
(259, 8, 'Male', 112.10, 117.90, 123.70, 129.50, 135.30, 141.10, 146.90, '2023-12-13 23:16:16', '2023-12-13 23:16:16'),
(260, 9, 'Male', 116.30, 122.40, 128.60, 134.70, 140.90, 147.10, 153.20, '2023-12-13 23:16:16', '2023-12-13 23:16:16'),
(261, 10, 'Male', 120.40, 126.90, 133.40, 140.00, 146.50, 153.00, 159.50, '2023-12-13 23:16:16', '2023-12-13 23:16:16'),
(262, 11, 'Male', 124.90, 131.70, 138.60, 145.50, 152.40, 159.30, 166.10, '2023-12-13 23:16:16', '2023-12-13 23:16:16'),
(263, 12, 'Male', 130.20, 137.40, 144.60, 151.90, 159.10, 166.30, 173.60, '2023-12-13 23:16:16', '2023-12-13 23:16:16'),
(264, 13, 'Male', 136.40, 144.00, 151.50, 159.10, 166.60, 174.20, 181.80, '2023-12-13 23:16:16', '2023-12-13 23:16:16'),
(265, 14, 'Male', 142.50, 150.30, 158.10, 165.80, 173.60, 181.30, 189.10, '2023-12-13 23:16:16', '2023-12-13 23:16:16'),
(266, 15, 'Male', 147.40, 155.20, 163.00, 170.80, 178.60, 186.40, 194.20, '2023-12-13 23:16:16', '2023-12-13 23:16:16'),
(267, 16, 'Male', 150.90, 158.60, 166.30, 174.00, 181.80, 189.50, 197.20, '2023-12-13 23:16:16', '2023-12-13 23:16:16'),
(268, 17, 'Male', 153.00, 160.50, 168.10, 175.70, 183.30, 190.80, 198.40, '2023-12-13 23:16:16', '2023-12-13 23:16:16'),
(269, 18, 'Male', 154.20, 161.60, 169.00, 176.40, 183.80, 191.10, 198.50, '2023-12-13 23:16:16', '2023-12-13 23:16:16'),
(270, 19, 'Male', 154.60, 161.90, 169.20, 176.50, 183.80, 191.10, 198.40, '2023-12-13 23:16:16', '2023-12-13 23:16:16'),
(271, 5, 'Female', 97.00, 101.90, 106.80, 111.70, 116.60, 121.50, 126.40, '2023-12-13 23:16:16', '2023-12-13 23:16:16'),
(272, 6, 'Female', 101.70, 107.00, 112.20, 117.50, 122.80, 128.00, 133.30, '2023-12-13 23:16:16', '2023-12-13 23:16:16'),
(273, 7, 'Female', 106.40, 112.00, 117.60, 123.20, 128.80, 134.40, 140.00, '2023-12-13 23:16:16', '2023-12-13 23:16:16'),
(274, 8, 'Female', 111.20, 117.10, 123.10, 129.00, 134.90, 140.90, 146.80, '2023-12-13 23:16:16', '2023-12-13 23:16:16'),
(275, 9, 'Female', 116.30, 122.60, 128.80, 135.00, 141.30, 147.50, 153.70, '2023-12-13 23:16:16', '2023-12-13 23:16:16'),
(276, 10, 'Female', 121.70, 128.20, 134.80, 141.30, 147.80, 154.30, 160.80, '2023-12-13 23:16:16', '2023-12-13 23:16:16'),
(277, 11, 'Female', 127.40, 134.20, 140.90, 147.70, 154.40, 161.10, 167.90, '2023-12-13 23:16:16', '2023-12-13 23:16:16'),
(278, 12, 'Female', 132.90, 139.80, 146.70, 153.60, 160.50, 167.40, 174.30, '2023-12-13 23:16:16', '2023-12-13 23:16:16'),
(279, 13, 'Female', 137.20, 144.10, 151.10, 158.00, 165.00, 171.90, 178.90, '2023-12-13 23:16:16', '2023-12-13 23:16:16'),
(280, 14, 'Female', 140.00, 146.90, 153.80, 160.70, 167.70, 174.60, 181.50, '2023-12-13 23:16:16', '2023-12-13 23:16:16'),
(281, 15, 'Female', 141.60, 148.40, 155.30, 162.10, 169.00, 175.80, 182.60, '2023-12-13 23:16:16', '2023-12-13 23:16:16'),
(282, 16, 'Female', 142.40, 149.20, 155.90, 162.70, 169.40, 176.20, 182.90, '2023-12-13 23:16:16', '2023-12-13 23:16:16'),
(283, 17, 'Female', 143.00, 149.60, 156.30, 162.90, 169.60, 176.30, 182.90, '2023-12-13 23:16:16', '2023-12-13 23:16:16'),
(284, 18, 'Female', 143.40, 150.00, 156.50, 163.10, 169.70, 176.30, 182.90, '2023-12-13 23:16:16', '2023-12-13 23:16:16'),
(285, 19, 'Female', 143.50, 150.10, 156.60, 163.20, 169.70, 176.20, 182.80, '2023-12-13 23:16:16', '2023-12-13 23:16:16'),
(286, 5, 'Male', 98.20, 103.00, 107.70, 112.40, 117.10, 121.80, 126.50, '2023-12-13 23:16:16', '2023-12-13 23:16:16'),
(287, 6, 'Male', 103.20, 108.20, 113.30, 118.40, 123.50, 128.50, 133.60, '2023-12-13 23:16:16', '2023-12-13 23:16:16'),
(288, 7, 'Male', 107.80, 113.20, 118.60, 124.10, 129.50, 134.90, 140.40, '2023-12-13 23:16:16', '2023-12-13 23:16:16'),
(289, 8, 'Male', 112.10, 117.90, 123.70, 129.50, 135.30, 141.10, 146.90, '2023-12-13 23:16:16', '2023-12-13 23:16:16'),
(290, 9, 'Male', 116.30, 122.40, 128.60, 134.70, 140.90, 147.10, 153.20, '2023-12-13 23:16:16', '2023-12-13 23:16:16'),
(291, 10, 'Male', 120.40, 126.90, 133.40, 140.00, 146.50, 153.00, 159.50, '2023-12-13 23:16:16', '2023-12-13 23:16:16'),
(292, 11, 'Male', 124.90, 131.70, 138.60, 145.50, 152.40, 159.30, 166.10, '2023-12-13 23:16:16', '2023-12-13 23:16:16'),
(293, 12, 'Male', 130.20, 137.40, 144.60, 151.90, 159.10, 166.30, 173.60, '2023-12-13 23:16:16', '2023-12-13 23:16:16'),
(294, 13, 'Male', 136.40, 144.00, 151.50, 159.10, 166.60, 174.20, 181.80, '2023-12-13 23:16:16', '2023-12-13 23:16:16'),
(295, 14, 'Male', 142.50, 150.30, 158.10, 165.80, 173.60, 181.30, 189.10, '2023-12-13 23:16:16', '2023-12-13 23:16:16'),
(296, 15, 'Male', 147.40, 155.20, 163.00, 170.80, 178.60, 186.40, 194.20, '2023-12-13 23:16:16', '2023-12-13 23:16:16'),
(297, 16, 'Male', 150.90, 158.60, 166.30, 174.00, 181.80, 189.50, 197.20, '2023-12-13 23:16:16', '2023-12-13 23:16:16'),
(298, 17, 'Male', 153.00, 160.50, 168.10, 175.70, 183.30, 190.80, 198.40, '2023-12-13 23:16:16', '2023-12-13 23:16:16'),
(299, 18, 'Male', 154.20, 161.60, 169.00, 176.40, 183.80, 191.10, 198.50, '2023-12-13 23:16:16', '2023-12-13 23:16:16'),
(300, 19, 'Male', 154.60, 161.90, 169.20, 176.50, 183.80, 191.10, 198.40, '2023-12-13 23:16:16', '2023-12-13 23:16:16'),
(301, 5, 'Female', 97.00, 101.90, 106.80, 111.70, 116.60, 121.50, 126.40, '2023-12-13 23:16:16', '2023-12-13 23:16:16'),
(302, 6, 'Female', 101.70, 107.00, 112.20, 117.50, 122.80, 128.00, 133.30, '2023-12-13 23:16:16', '2023-12-13 23:16:16'),
(303, 7, 'Female', 106.40, 112.00, 117.60, 123.20, 128.80, 134.40, 140.00, '2023-12-13 23:16:16', '2023-12-13 23:16:16'),
(304, 8, 'Female', 111.20, 117.10, 123.10, 129.00, 134.90, 140.90, 146.80, '2023-12-13 23:16:16', '2023-12-13 23:16:16'),
(305, 9, 'Female', 116.30, 122.60, 128.80, 135.00, 141.30, 147.50, 153.70, '2023-12-13 23:16:16', '2023-12-13 23:16:16'),
(306, 10, 'Female', 121.70, 128.20, 134.80, 141.30, 147.80, 154.30, 160.80, '2023-12-13 23:16:16', '2023-12-13 23:16:16'),
(307, 11, 'Female', 127.40, 134.20, 140.90, 147.70, 154.40, 161.10, 167.90, '2023-12-13 23:16:16', '2023-12-13 23:16:16'),
(308, 12, 'Female', 132.90, 139.80, 146.70, 153.60, 160.50, 167.40, 174.30, '2023-12-13 23:16:16', '2023-12-13 23:16:16'),
(309, 13, 'Female', 137.20, 144.10, 151.10, 158.00, 165.00, 171.90, 178.90, '2023-12-13 23:16:16', '2023-12-13 23:16:16'),
(310, 14, 'Female', 140.00, 146.90, 153.80, 160.70, 167.70, 174.60, 181.50, '2023-12-13 23:16:16', '2023-12-13 23:16:16'),
(311, 15, 'Female', 141.60, 148.40, 155.30, 162.10, 169.00, 175.80, 182.60, '2023-12-13 23:16:16', '2023-12-13 23:16:16'),
(312, 16, 'Female', 142.40, 149.20, 155.90, 162.70, 169.40, 176.20, 182.90, '2023-12-13 23:16:16', '2023-12-13 23:16:16'),
(313, 17, 'Female', 143.00, 149.60, 156.30, 162.90, 169.60, 176.30, 182.90, '2023-12-13 23:16:16', '2023-12-13 23:16:16'),
(314, 18, 'Female', 143.40, 150.00, 156.50, 163.10, 169.70, 176.30, 182.90, '2023-12-13 23:16:16', '2023-12-13 23:16:16'),
(315, 19, 'Female', 143.50, 150.10, 156.60, 163.20, 169.70, 176.20, 182.80, '2023-12-13 23:16:16', '2023-12-13 23:16:16'),
(316, 5, 'Male', 98.20, 103.00, 107.70, 112.40, 117.10, 121.80, 126.50, '2023-12-13 23:16:16', '2023-12-13 23:16:16'),
(317, 6, 'Male', 103.20, 108.20, 113.30, 118.40, 123.50, 128.50, 133.60, '2023-12-13 23:16:16', '2023-12-13 23:16:16'),
(318, 7, 'Male', 107.80, 113.20, 118.60, 124.10, 129.50, 134.90, 140.40, '2023-12-13 23:16:16', '2023-12-13 23:16:16'),
(319, 8, 'Male', 112.10, 117.90, 123.70, 129.50, 135.30, 141.10, 146.90, '2023-12-13 23:16:16', '2023-12-13 23:16:16'),
(320, 9, 'Male', 116.30, 122.40, 128.60, 134.70, 140.90, 147.10, 153.20, '2023-12-13 23:16:16', '2023-12-13 23:16:16'),
(321, 10, 'Male', 120.40, 126.90, 133.40, 140.00, 146.50, 153.00, 159.50, '2023-12-13 23:16:16', '2023-12-13 23:16:16'),
(322, 11, 'Male', 124.90, 131.70, 138.60, 145.50, 152.40, 159.30, 166.10, '2023-12-13 23:16:16', '2023-12-13 23:16:16'),
(323, 12, 'Male', 130.20, 137.40, 144.60, 151.90, 159.10, 166.30, 173.60, '2023-12-13 23:16:16', '2023-12-13 23:16:16'),
(324, 13, 'Male', 136.40, 144.00, 151.50, 159.10, 166.60, 174.20, 181.80, '2023-12-13 23:16:16', '2023-12-13 23:16:16'),
(325, 14, 'Male', 142.50, 150.30, 158.10, 165.80, 173.60, 181.30, 189.10, '2023-12-13 23:16:16', '2023-12-13 23:16:16'),
(326, 15, 'Male', 147.40, 155.20, 163.00, 170.80, 178.60, 186.40, 194.20, '2023-12-13 23:16:16', '2023-12-13 23:16:16'),
(327, 16, 'Male', 150.90, 158.60, 166.30, 174.00, 181.80, 189.50, 197.20, '2023-12-13 23:16:16', '2023-12-13 23:16:16'),
(328, 17, 'Male', 153.00, 160.50, 168.10, 175.70, 183.30, 190.80, 198.40, '2023-12-13 23:16:16', '2023-12-13 23:16:16'),
(329, 18, 'Male', 154.20, 161.60, 169.00, 176.40, 183.80, 191.10, 198.50, '2023-12-13 23:16:16', '2023-12-13 23:16:16'),
(330, 19, 'Male', 154.60, 161.90, 169.20, 176.50, 183.80, 191.10, 198.40, '2023-12-13 23:16:16', '2023-12-13 23:16:16'),
(331, 5, 'Female', 97.00, 101.90, 106.80, 111.70, 116.60, 121.50, 126.40, '2023-12-13 23:16:16', '2023-12-13 23:16:16'),
(332, 6, 'Female', 101.70, 107.00, 112.20, 117.50, 122.80, 128.00, 133.30, '2023-12-13 23:16:16', '2023-12-13 23:16:16'),
(333, 7, 'Female', 106.40, 112.00, 117.60, 123.20, 128.80, 134.40, 140.00, '2023-12-13 23:16:16', '2023-12-13 23:16:16'),
(334, 8, 'Female', 111.20, 117.10, 123.10, 129.00, 134.90, 140.90, 146.80, '2023-12-13 23:16:16', '2023-12-13 23:16:16'),
(335, 9, 'Female', 116.30, 122.60, 128.80, 135.00, 141.30, 147.50, 153.70, '2023-12-13 23:16:16', '2023-12-13 23:16:16'),
(336, 10, 'Female', 121.70, 128.20, 134.80, 141.30, 147.80, 154.30, 160.80, '2023-12-13 23:16:16', '2023-12-13 23:16:16'),
(337, 11, 'Female', 127.40, 134.20, 140.90, 147.70, 154.40, 161.10, 167.90, '2023-12-13 23:16:16', '2023-12-13 23:16:16'),
(338, 12, 'Female', 132.90, 139.80, 146.70, 153.60, 160.50, 167.40, 174.30, '2023-12-13 23:16:16', '2023-12-13 23:16:16'),
(339, 13, 'Female', 137.20, 144.10, 151.10, 158.00, 165.00, 171.90, 178.90, '2023-12-13 23:16:16', '2023-12-13 23:16:16'),
(340, 14, 'Female', 140.00, 146.90, 153.80, 160.70, 167.70, 174.60, 181.50, '2023-12-13 23:16:16', '2023-12-13 23:16:16'),
(341, 15, 'Female', 141.60, 148.40, 155.30, 162.10, 169.00, 175.80, 182.60, '2023-12-13 23:16:16', '2023-12-13 23:16:16'),
(342, 16, 'Female', 142.40, 149.20, 155.90, 162.70, 169.40, 176.20, 182.90, '2023-12-13 23:16:16', '2023-12-13 23:16:16'),
(343, 17, 'Female', 143.00, 149.60, 156.30, 162.90, 169.60, 176.30, 182.90, '2023-12-13 23:16:16', '2023-12-13 23:16:16'),
(344, 18, 'Female', 143.40, 150.00, 156.50, 163.10, 169.70, 176.30, 182.90, '2023-12-13 23:16:16', '2023-12-13 23:16:16'),
(345, 19, 'Female', 143.50, 150.10, 156.60, 163.20, 169.70, 176.20, 182.80, '2023-12-13 23:16:16', '2023-12-13 23:16:16'),
(346, 5, 'Male', 98.20, 103.00, 107.70, 112.40, 117.10, 121.80, 126.50, '2023-12-13 23:16:16', '2023-12-13 23:16:16'),
(347, 6, 'Male', 103.20, 108.20, 113.30, 118.40, 123.50, 128.50, 133.60, '2023-12-13 23:16:16', '2023-12-13 23:16:16'),
(348, 7, 'Male', 107.80, 113.20, 118.60, 124.10, 129.50, 134.90, 140.40, '2023-12-13 23:16:16', '2023-12-13 23:16:16'),
(349, 8, 'Male', 112.10, 117.90, 123.70, 129.50, 135.30, 141.10, 146.90, '2023-12-13 23:16:16', '2023-12-13 23:16:16'),
(350, 9, 'Male', 116.30, 122.40, 128.60, 134.70, 140.90, 147.10, 153.20, '2023-12-13 23:16:16', '2023-12-13 23:16:16'),
(351, 10, 'Male', 120.40, 126.90, 133.40, 140.00, 146.50, 153.00, 159.50, '2023-12-13 23:16:16', '2023-12-13 23:16:16'),
(352, 11, 'Male', 124.90, 131.70, 138.60, 145.50, 152.40, 159.30, 166.10, '2023-12-13 23:16:16', '2023-12-13 23:16:16'),
(353, 12, 'Male', 130.20, 137.40, 144.60, 151.90, 159.10, 166.30, 173.60, '2023-12-13 23:16:16', '2023-12-13 23:16:16'),
(354, 13, 'Male', 136.40, 144.00, 151.50, 159.10, 166.60, 174.20, 181.80, '2023-12-13 23:16:16', '2023-12-13 23:16:16'),
(355, 14, 'Male', 142.50, 150.30, 158.10, 165.80, 173.60, 181.30, 189.10, '2023-12-13 23:16:16', '2023-12-13 23:16:16'),
(356, 15, 'Male', 147.40, 155.20, 163.00, 170.80, 178.60, 186.40, 194.20, '2023-12-13 23:16:16', '2023-12-13 23:16:16'),
(357, 16, 'Male', 150.90, 158.60, 166.30, 174.00, 181.80, 189.50, 197.20, '2023-12-13 23:16:16', '2023-12-13 23:16:16'),
(358, 17, 'Male', 153.00, 160.50, 168.10, 175.70, 183.30, 190.80, 198.40, '2023-12-13 23:16:16', '2023-12-13 23:16:16'),
(359, 18, 'Male', 154.20, 161.60, 169.00, 176.40, 183.80, 191.10, 198.50, '2023-12-13 23:16:16', '2023-12-13 23:16:16'),
(360, 19, 'Male', 154.60, 161.90, 169.20, 176.50, 183.80, 191.10, 198.40, '2023-12-13 23:16:16', '2023-12-13 23:16:16'),
(361, 5, 'Female', 97.00, 101.90, 106.80, 111.70, 116.60, 121.50, 126.40, '2023-12-13 23:16:16', '2023-12-13 23:16:16'),
(362, 6, 'Female', 101.70, 107.00, 112.20, 117.50, 122.80, 128.00, 133.30, '2023-12-13 23:16:16', '2023-12-13 23:16:16'),
(363, 7, 'Female', 106.40, 112.00, 117.60, 123.20, 128.80, 134.40, 140.00, '2023-12-13 23:16:16', '2023-12-13 23:16:16'),
(364, 8, 'Female', 111.20, 117.10, 123.10, 129.00, 134.90, 140.90, 146.80, '2023-12-13 23:16:16', '2023-12-13 23:16:16'),
(365, 9, 'Female', 116.30, 122.60, 128.80, 135.00, 141.30, 147.50, 153.70, '2023-12-13 23:16:16', '2023-12-13 23:16:16'),
(366, 10, 'Female', 121.70, 128.20, 134.80, 141.30, 147.80, 154.30, 160.80, '2023-12-13 23:16:16', '2023-12-13 23:16:16'),
(367, 11, 'Female', 127.40, 134.20, 140.90, 147.70, 154.40, 161.10, 167.90, '2023-12-13 23:16:16', '2023-12-13 23:16:16'),
(368, 12, 'Female', 132.90, 139.80, 146.70, 153.60, 160.50, 167.40, 174.30, '2023-12-13 23:16:16', '2023-12-13 23:16:16'),
(369, 13, 'Female', 137.20, 144.10, 151.10, 158.00, 165.00, 171.90, 178.90, '2023-12-13 23:16:16', '2023-12-13 23:16:16'),
(370, 14, 'Female', 140.00, 146.90, 153.80, 160.70, 167.70, 174.60, 181.50, '2023-12-13 23:16:16', '2023-12-13 23:16:16'),
(371, 15, 'Female', 141.60, 148.40, 155.30, 162.10, 169.00, 175.80, 182.60, '2023-12-13 23:16:16', '2023-12-13 23:16:16'),
(372, 16, 'Female', 142.40, 149.20, 155.90, 162.70, 169.40, 176.20, 182.90, '2023-12-13 23:16:16', '2023-12-13 23:16:16'),
(373, 17, 'Female', 143.00, 149.60, 156.30, 162.90, 169.60, 176.30, 182.90, '2023-12-13 23:16:16', '2023-12-13 23:16:16'),
(374, 18, 'Female', 143.40, 150.00, 156.50, 163.10, 169.70, 176.30, 182.90, '2023-12-13 23:16:16', '2023-12-13 23:16:16'),
(375, 19, 'Female', 143.50, 150.10, 156.60, 163.20, 169.70, 176.20, 182.80, '2023-12-13 23:16:16', '2023-12-13 23:16:16'),
(376, 5, 'Male', 98.20, 103.00, 107.70, 112.40, 117.10, 121.80, 126.50, '2023-12-13 23:16:16', '2023-12-13 23:16:16'),
(377, 6, 'Male', 103.20, 108.20, 113.30, 118.40, 123.50, 128.50, 133.60, '2023-12-13 23:16:16', '2023-12-13 23:16:16'),
(378, 7, 'Male', 107.80, 113.20, 118.60, 124.10, 129.50, 134.90, 140.40, '2023-12-13 23:16:16', '2023-12-13 23:16:16'),
(379, 8, 'Male', 112.10, 117.90, 123.70, 129.50, 135.30, 141.10, 146.90, '2023-12-13 23:16:16', '2023-12-13 23:16:16'),
(380, 9, 'Male', 116.30, 122.40, 128.60, 134.70, 140.90, 147.10, 153.20, '2023-12-13 23:16:16', '2023-12-13 23:16:16'),
(381, 10, 'Male', 120.40, 126.90, 133.40, 140.00, 146.50, 153.00, 159.50, '2023-12-13 23:16:16', '2023-12-13 23:16:16'),
(382, 11, 'Male', 124.90, 131.70, 138.60, 145.50, 152.40, 159.30, 166.10, '2023-12-13 23:16:16', '2023-12-13 23:16:16'),
(383, 12, 'Male', 130.20, 137.40, 144.60, 151.90, 159.10, 166.30, 173.60, '2023-12-13 23:16:16', '2023-12-13 23:16:16'),
(384, 13, 'Male', 136.40, 144.00, 151.50, 159.10, 166.60, 174.20, 181.80, '2023-12-13 23:16:16', '2023-12-13 23:16:16'),
(385, 14, 'Male', 142.50, 150.30, 158.10, 165.80, 173.60, 181.30, 189.10, '2023-12-13 23:16:16', '2023-12-13 23:16:16'),
(386, 15, 'Male', 147.40, 155.20, 163.00, 170.80, 178.60, 186.40, 194.20, '2023-12-13 23:16:16', '2023-12-13 23:16:16'),
(387, 16, 'Male', 150.90, 158.60, 166.30, 174.00, 181.80, 189.50, 197.20, '2023-12-13 23:16:16', '2023-12-13 23:16:16'),
(388, 17, 'Male', 153.00, 160.50, 168.10, 175.70, 183.30, 190.80, 198.40, '2023-12-13 23:16:16', '2023-12-13 23:16:16'),
(389, 18, 'Male', 154.20, 161.60, 169.00, 176.40, 183.80, 191.10, 198.50, '2023-12-13 23:16:16', '2023-12-13 23:16:16'),
(390, 19, 'Male', 154.60, 161.90, 169.20, 176.50, 183.80, 191.10, 198.40, '2023-12-13 23:16:16', '2023-12-13 23:16:16'),
(391, 5, 'Female', 97.00, 101.90, 106.80, 111.70, 116.60, 121.50, 126.40, '2023-12-13 23:16:16', '2023-12-13 23:16:16'),
(392, 6, 'Female', 101.70, 107.00, 112.20, 117.50, 122.80, 128.00, 133.30, '2023-12-13 23:16:16', '2023-12-13 23:16:16'),
(393, 7, 'Female', 106.40, 112.00, 117.60, 123.20, 128.80, 134.40, 140.00, '2023-12-13 23:16:16', '2023-12-13 23:16:16'),
(394, 8, 'Female', 111.20, 117.10, 123.10, 129.00, 134.90, 140.90, 146.80, '2023-12-13 23:16:16', '2023-12-13 23:16:16'),
(395, 9, 'Female', 116.30, 122.60, 128.80, 135.00, 141.30, 147.50, 153.70, '2023-12-13 23:16:16', '2023-12-13 23:16:16'),
(396, 10, 'Female', 121.70, 128.20, 134.80, 141.30, 147.80, 154.30, 160.80, '2023-12-13 23:16:16', '2023-12-13 23:16:16'),
(397, 11, 'Female', 127.40, 134.20, 140.90, 147.70, 154.40, 161.10, 167.90, '2023-12-13 23:16:16', '2023-12-13 23:16:16'),
(398, 12, 'Female', 132.90, 139.80, 146.70, 153.60, 160.50, 167.40, 174.30, '2023-12-13 23:16:16', '2023-12-13 23:16:16'),
(399, 13, 'Female', 137.20, 144.10, 151.10, 158.00, 165.00, 171.90, 178.90, '2023-12-13 23:16:16', '2023-12-13 23:16:16'),
(400, 14, 'Female', 140.00, 146.90, 153.80, 160.70, 167.70, 174.60, 181.50, '2023-12-13 23:16:16', '2023-12-13 23:16:16'),
(401, 15, 'Female', 141.60, 148.40, 155.30, 162.10, 169.00, 175.80, 182.60, '2023-12-13 23:16:16', '2023-12-13 23:16:16'),
(402, 16, 'Female', 142.40, 149.20, 155.90, 162.70, 169.40, 176.20, 182.90, '2023-12-13 23:16:16', '2023-12-13 23:16:16'),
(403, 17, 'Female', 143.00, 149.60, 156.30, 162.90, 169.60, 176.30, 182.90, '2023-12-13 23:16:16', '2023-12-13 23:16:16'),
(404, 18, 'Female', 143.40, 150.00, 156.50, 163.10, 169.70, 176.30, 182.90, '2023-12-13 23:16:16', '2023-12-13 23:16:16'),
(405, 19, 'Female', 143.50, 150.10, 156.60, 163.20, 169.70, 176.20, 182.80, '2023-12-13 23:16:16', '2023-12-13 23:16:16'),
(406, 5, 'Male', 98.20, 103.00, 107.70, 112.40, 117.10, 121.80, 126.50, '2023-12-13 23:16:16', '2023-12-13 23:16:16'),
(407, 6, 'Male', 103.20, 108.20, 113.30, 118.40, 123.50, 128.50, 133.60, '2023-12-13 23:16:16', '2023-12-13 23:16:16'),
(408, 7, 'Male', 107.80, 113.20, 118.60, 124.10, 129.50, 134.90, 140.40, '2023-12-13 23:16:16', '2023-12-13 23:16:16'),
(409, 8, 'Male', 112.10, 117.90, 123.70, 129.50, 135.30, 141.10, 146.90, '2023-12-13 23:16:16', '2023-12-13 23:16:16'),
(410, 9, 'Male', 116.30, 122.40, 128.60, 134.70, 140.90, 147.10, 153.20, '2023-12-13 23:16:16', '2023-12-13 23:16:16'),
(411, 10, 'Male', 120.40, 126.90, 133.40, 140.00, 146.50, 153.00, 159.50, '2023-12-13 23:16:16', '2023-12-13 23:16:16'),
(412, 11, 'Male', 124.90, 131.70, 138.60, 145.50, 152.40, 159.30, 166.10, '2023-12-13 23:16:16', '2023-12-13 23:16:16'),
(413, 12, 'Male', 130.20, 137.40, 144.60, 151.90, 159.10, 166.30, 173.60, '2023-12-13 23:16:16', '2023-12-13 23:16:16'),
(414, 13, 'Male', 136.40, 144.00, 151.50, 159.10, 166.60, 174.20, 181.80, '2023-12-13 23:16:16', '2023-12-13 23:16:16'),
(415, 14, 'Male', 142.50, 150.30, 158.10, 165.80, 173.60, 181.30, 189.10, '2023-12-13 23:16:16', '2023-12-13 23:16:16'),
(416, 15, 'Male', 147.40, 155.20, 163.00, 170.80, 178.60, 186.40, 194.20, '2023-12-13 23:16:16', '2023-12-13 23:16:16'),
(417, 16, 'Male', 150.90, 158.60, 166.30, 174.00, 181.80, 189.50, 197.20, '2023-12-13 23:16:16', '2023-12-13 23:16:16');
INSERT INTO `hfa_standards` (`id`, `age`, `sex`, `negative_thirdSD`, `negative_secondSD`, `negative_firstSD`, `median`, `firstSD`, `secondSD`, `thirdSD`, `created_at`, `updated_at`) VALUES
(418, 17, 'Male', 153.00, 160.50, 168.10, 175.70, 183.30, 190.80, 198.40, '2023-12-13 23:16:16', '2023-12-13 23:16:16'),
(419, 18, 'Male', 154.20, 161.60, 169.00, 176.40, 183.80, 191.10, 198.50, '2023-12-13 23:16:16', '2023-12-13 23:16:16'),
(420, 19, 'Male', 154.60, 161.90, 169.20, 176.50, 183.80, 191.10, 198.40, '2023-12-13 23:16:16', '2023-12-13 23:16:16'),
(421, 5, 'Female', 97.00, 101.90, 106.80, 111.70, 116.60, 121.50, 126.40, '2023-12-13 23:16:16', '2023-12-13 23:16:16'),
(422, 6, 'Female', 101.70, 107.00, 112.20, 117.50, 122.80, 128.00, 133.30, '2023-12-13 23:16:16', '2023-12-13 23:16:16'),
(423, 7, 'Female', 106.40, 112.00, 117.60, 123.20, 128.80, 134.40, 140.00, '2023-12-13 23:16:16', '2023-12-13 23:16:16'),
(424, 8, 'Female', 111.20, 117.10, 123.10, 129.00, 134.90, 140.90, 146.80, '2023-12-13 23:16:16', '2023-12-13 23:16:16'),
(425, 9, 'Female', 116.30, 122.60, 128.80, 135.00, 141.30, 147.50, 153.70, '2023-12-13 23:16:16', '2023-12-13 23:16:16'),
(426, 10, 'Female', 121.70, 128.20, 134.80, 141.30, 147.80, 154.30, 160.80, '2023-12-13 23:16:16', '2023-12-13 23:16:16'),
(427, 11, 'Female', 127.40, 134.20, 140.90, 147.70, 154.40, 161.10, 167.90, '2023-12-13 23:16:16', '2023-12-13 23:16:16'),
(428, 12, 'Female', 132.90, 139.80, 146.70, 153.60, 160.50, 167.40, 174.30, '2023-12-13 23:16:16', '2023-12-13 23:16:16'),
(429, 13, 'Female', 137.20, 144.10, 151.10, 158.00, 165.00, 171.90, 178.90, '2023-12-13 23:16:16', '2023-12-13 23:16:16'),
(430, 14, 'Female', 140.00, 146.90, 153.80, 160.70, 167.70, 174.60, 181.50, '2023-12-13 23:16:16', '2023-12-13 23:16:16'),
(431, 15, 'Female', 141.60, 148.40, 155.30, 162.10, 169.00, 175.80, 182.60, '2023-12-13 23:16:16', '2023-12-13 23:16:16'),
(432, 16, 'Female', 142.40, 149.20, 155.90, 162.70, 169.40, 176.20, 182.90, '2023-12-13 23:16:16', '2023-12-13 23:16:16'),
(433, 17, 'Female', 143.00, 149.60, 156.30, 162.90, 169.60, 176.30, 182.90, '2023-12-13 23:16:16', '2023-12-13 23:16:16'),
(434, 18, 'Female', 143.40, 150.00, 156.50, 163.10, 169.70, 176.30, 182.90, '2023-12-13 23:16:16', '2023-12-13 23:16:16'),
(435, 19, 'Female', 143.50, 150.10, 156.60, 163.20, 169.70, 176.20, 182.80, '2023-12-13 23:16:16', '2023-12-13 23:16:16'),
(436, 5, 'Male', 98.20, 103.00, 107.70, 112.40, 117.10, 121.80, 126.50, '2023-12-13 23:16:16', '2023-12-13 23:16:16'),
(437, 6, 'Male', 103.20, 108.20, 113.30, 118.40, 123.50, 128.50, 133.60, '2023-12-13 23:16:16', '2023-12-13 23:16:16'),
(438, 7, 'Male', 107.80, 113.20, 118.60, 124.10, 129.50, 134.90, 140.40, '2023-12-13 23:16:16', '2023-12-13 23:16:16'),
(439, 8, 'Male', 112.10, 117.90, 123.70, 129.50, 135.30, 141.10, 146.90, '2023-12-13 23:16:16', '2023-12-13 23:16:16'),
(440, 9, 'Male', 116.30, 122.40, 128.60, 134.70, 140.90, 147.10, 153.20, '2023-12-13 23:16:16', '2023-12-13 23:16:16'),
(441, 10, 'Male', 120.40, 126.90, 133.40, 140.00, 146.50, 153.00, 159.50, '2023-12-13 23:16:16', '2023-12-13 23:16:16'),
(442, 11, 'Male', 124.90, 131.70, 138.60, 145.50, 152.40, 159.30, 166.10, '2023-12-13 23:16:16', '2023-12-13 23:16:16'),
(443, 12, 'Male', 130.20, 137.40, 144.60, 151.90, 159.10, 166.30, 173.60, '2023-12-13 23:16:16', '2023-12-13 23:16:16'),
(444, 13, 'Male', 136.40, 144.00, 151.50, 159.10, 166.60, 174.20, 181.80, '2023-12-13 23:16:16', '2023-12-13 23:16:16'),
(445, 14, 'Male', 142.50, 150.30, 158.10, 165.80, 173.60, 181.30, 189.10, '2023-12-13 23:16:16', '2023-12-13 23:16:16'),
(446, 15, 'Male', 147.40, 155.20, 163.00, 170.80, 178.60, 186.40, 194.20, '2023-12-13 23:16:16', '2023-12-13 23:16:16'),
(447, 16, 'Male', 150.90, 158.60, 166.30, 174.00, 181.80, 189.50, 197.20, '2023-12-13 23:16:16', '2023-12-13 23:16:16'),
(448, 17, 'Male', 153.00, 160.50, 168.10, 175.70, 183.30, 190.80, 198.40, '2023-12-13 23:16:16', '2023-12-13 23:16:16'),
(449, 18, 'Male', 154.20, 161.60, 169.00, 176.40, 183.80, 191.10, 198.50, '2023-12-13 23:16:16', '2023-12-13 23:16:16'),
(450, 19, 'Male', 154.60, 161.90, 169.20, 176.50, 183.80, 191.10, 198.40, '2023-12-13 23:16:16', '2023-12-13 23:16:16'),
(451, 5, 'Female', 97.00, 101.90, 106.80, 111.70, 116.60, 121.50, 126.40, '2023-12-13 23:16:16', '2023-12-13 23:16:16'),
(452, 6, 'Female', 101.70, 107.00, 112.20, 117.50, 122.80, 128.00, 133.30, '2023-12-13 23:16:16', '2023-12-13 23:16:16'),
(453, 7, 'Female', 106.40, 112.00, 117.60, 123.20, 128.80, 134.40, 140.00, '2023-12-13 23:16:16', '2023-12-13 23:16:16'),
(454, 8, 'Female', 111.20, 117.10, 123.10, 129.00, 134.90, 140.90, 146.80, '2023-12-13 23:16:16', '2023-12-13 23:16:16'),
(455, 9, 'Female', 116.30, 122.60, 128.80, 135.00, 141.30, 147.50, 153.70, '2023-12-13 23:16:16', '2023-12-13 23:16:16'),
(456, 10, 'Female', 121.70, 128.20, 134.80, 141.30, 147.80, 154.30, 160.80, '2023-12-13 23:16:16', '2023-12-13 23:16:16'),
(457, 11, 'Female', 127.40, 134.20, 140.90, 147.70, 154.40, 161.10, 167.90, '2023-12-13 23:16:16', '2023-12-13 23:16:16'),
(458, 12, 'Female', 132.90, 139.80, 146.70, 153.60, 160.50, 167.40, 174.30, '2023-12-13 23:16:16', '2023-12-13 23:16:16'),
(459, 13, 'Female', 137.20, 144.10, 151.10, 158.00, 165.00, 171.90, 178.90, '2023-12-13 23:16:16', '2023-12-13 23:16:16'),
(460, 14, 'Female', 140.00, 146.90, 153.80, 160.70, 167.70, 174.60, 181.50, '2023-12-13 23:16:16', '2023-12-13 23:16:16'),
(461, 15, 'Female', 141.60, 148.40, 155.30, 162.10, 169.00, 175.80, 182.60, '2023-12-13 23:16:16', '2023-12-13 23:16:16'),
(462, 16, 'Female', 142.40, 149.20, 155.90, 162.70, 169.40, 176.20, 182.90, '2023-12-13 23:16:16', '2023-12-13 23:16:16'),
(463, 17, 'Female', 143.00, 149.60, 156.30, 162.90, 169.60, 176.30, 182.90, '2023-12-13 23:16:16', '2023-12-13 23:16:16'),
(464, 18, 'Female', 143.40, 150.00, 156.50, 163.10, 169.70, 176.30, 182.90, '2023-12-13 23:16:16', '2023-12-13 23:16:16'),
(465, 19, 'Female', 143.50, 150.10, 156.60, 163.20, 169.70, 176.20, 182.80, '2023-12-13 23:16:16', '2023-12-13 23:16:16'),
(466, 5, 'Male', 98.20, 103.00, 107.70, 112.40, 117.10, 121.80, 126.50, '2023-12-13 23:16:16', '2023-12-13 23:16:16'),
(467, 6, 'Male', 103.20, 108.20, 113.30, 118.40, 123.50, 128.50, 133.60, '2023-12-13 23:16:16', '2023-12-13 23:16:16'),
(468, 7, 'Male', 107.80, 113.20, 118.60, 124.10, 129.50, 134.90, 140.40, '2023-12-13 23:16:16', '2023-12-13 23:16:16'),
(469, 8, 'Male', 112.10, 117.90, 123.70, 129.50, 135.30, 141.10, 146.90, '2023-12-13 23:16:16', '2023-12-13 23:16:16'),
(470, 9, 'Male', 116.30, 122.40, 128.60, 134.70, 140.90, 147.10, 153.20, '2023-12-13 23:16:16', '2023-12-13 23:16:16'),
(471, 10, 'Male', 120.40, 126.90, 133.40, 140.00, 146.50, 153.00, 159.50, '2023-12-13 23:16:16', '2023-12-13 23:16:16'),
(472, 11, 'Male', 124.90, 131.70, 138.60, 145.50, 152.40, 159.30, 166.10, '2023-12-13 23:16:16', '2023-12-13 23:16:16'),
(473, 12, 'Male', 130.20, 137.40, 144.60, 151.90, 159.10, 166.30, 173.60, '2023-12-13 23:16:16', '2023-12-13 23:16:16'),
(474, 13, 'Male', 136.40, 144.00, 151.50, 159.10, 166.60, 174.20, 181.80, '2023-12-13 23:16:16', '2023-12-13 23:16:16'),
(475, 14, 'Male', 142.50, 150.30, 158.10, 165.80, 173.60, 181.30, 189.10, '2023-12-13 23:16:16', '2023-12-13 23:16:16'),
(476, 15, 'Male', 147.40, 155.20, 163.00, 170.80, 178.60, 186.40, 194.20, '2023-12-13 23:16:16', '2023-12-13 23:16:16'),
(477, 16, 'Male', 150.90, 158.60, 166.30, 174.00, 181.80, 189.50, 197.20, '2023-12-13 23:16:16', '2023-12-13 23:16:16'),
(478, 17, 'Male', 153.00, 160.50, 168.10, 175.70, 183.30, 190.80, 198.40, '2023-12-13 23:16:16', '2023-12-13 23:16:16'),
(479, 18, 'Male', 154.20, 161.60, 169.00, 176.40, 183.80, 191.10, 198.50, '2023-12-13 23:16:16', '2023-12-13 23:16:16'),
(480, 19, 'Male', 154.60, 161.90, 169.20, 176.50, 183.80, 191.10, 198.40, '2023-12-13 23:16:16', '2023-12-13 23:16:16'),
(481, 5, 'Female', 97.00, 101.90, 106.80, 111.70, 116.60, 121.50, 126.40, '2023-12-13 23:16:16', '2023-12-13 23:16:16'),
(482, 6, 'Female', 101.70, 107.00, 112.20, 117.50, 122.80, 128.00, 133.30, '2023-12-13 23:16:16', '2023-12-13 23:16:16'),
(483, 7, 'Female', 106.40, 112.00, 117.60, 123.20, 128.80, 134.40, 140.00, '2023-12-13 23:16:16', '2023-12-13 23:16:16'),
(484, 8, 'Female', 111.20, 117.10, 123.10, 129.00, 134.90, 140.90, 146.80, '2023-12-13 23:16:16', '2023-12-13 23:16:16'),
(485, 9, 'Female', 116.30, 122.60, 128.80, 135.00, 141.30, 147.50, 153.70, '2023-12-13 23:16:16', '2023-12-13 23:16:16'),
(486, 10, 'Female', 121.70, 128.20, 134.80, 141.30, 147.80, 154.30, 160.80, '2023-12-13 23:16:16', '2023-12-13 23:16:16'),
(487, 11, 'Female', 127.40, 134.20, 140.90, 147.70, 154.40, 161.10, 167.90, '2023-12-13 23:16:16', '2023-12-13 23:16:16'),
(488, 12, 'Female', 132.90, 139.80, 146.70, 153.60, 160.50, 167.40, 174.30, '2023-12-13 23:16:16', '2023-12-13 23:16:16'),
(489, 13, 'Female', 137.20, 144.10, 151.10, 158.00, 165.00, 171.90, 178.90, '2023-12-13 23:16:16', '2023-12-13 23:16:16'),
(490, 14, 'Female', 140.00, 146.90, 153.80, 160.70, 167.70, 174.60, 181.50, '2023-12-13 23:16:16', '2023-12-13 23:16:16'),
(491, 15, 'Female', 141.60, 148.40, 155.30, 162.10, 169.00, 175.80, 182.60, '2023-12-13 23:16:16', '2023-12-13 23:16:16'),
(492, 16, 'Female', 142.40, 149.20, 155.90, 162.70, 169.40, 176.20, 182.90, '2023-12-13 23:16:16', '2023-12-13 23:16:16'),
(493, 17, 'Female', 143.00, 149.60, 156.30, 162.90, 169.60, 176.30, 182.90, '2023-12-13 23:16:16', '2023-12-13 23:16:16'),
(494, 18, 'Female', 143.40, 150.00, 156.50, 163.10, 169.70, 176.30, 182.90, '2023-12-13 23:16:16', '2023-12-13 23:16:16'),
(495, 19, 'Female', 143.50, 150.10, 156.60, 163.20, 169.70, 176.20, 182.80, '2023-12-13 23:16:16', '2023-12-13 23:16:16'),
(496, 5, 'Male', 98.20, 103.00, 107.70, 112.40, 117.10, 121.80, 126.50, '2023-12-13 23:16:16', '2023-12-13 23:16:16'),
(497, 6, 'Male', 103.20, 108.20, 113.30, 118.40, 123.50, 128.50, 133.60, '2023-12-13 23:16:16', '2023-12-13 23:16:16'),
(498, 7, 'Male', 107.80, 113.20, 118.60, 124.10, 129.50, 134.90, 140.40, '2023-12-13 23:16:16', '2023-12-13 23:16:16'),
(499, 8, 'Male', 112.10, 117.90, 123.70, 129.50, 135.30, 141.10, 146.90, '2023-12-13 23:16:16', '2023-12-13 23:16:16'),
(500, 9, 'Male', 116.30, 122.40, 128.60, 134.70, 140.90, 147.10, 153.20, '2023-12-13 23:16:16', '2023-12-13 23:16:16'),
(501, 10, 'Male', 120.40, 126.90, 133.40, 140.00, 146.50, 153.00, 159.50, '2023-12-13 23:16:16', '2023-12-13 23:16:16'),
(502, 11, 'Male', 124.90, 131.70, 138.60, 145.50, 152.40, 159.30, 166.10, '2023-12-13 23:16:16', '2023-12-13 23:16:16'),
(503, 12, 'Male', 130.20, 137.40, 144.60, 151.90, 159.10, 166.30, 173.60, '2023-12-13 23:16:16', '2023-12-13 23:16:16'),
(504, 13, 'Male', 136.40, 144.00, 151.50, 159.10, 166.60, 174.20, 181.80, '2023-12-13 23:16:16', '2023-12-13 23:16:16'),
(505, 14, 'Male', 142.50, 150.30, 158.10, 165.80, 173.60, 181.30, 189.10, '2023-12-13 23:16:16', '2023-12-13 23:16:16'),
(506, 15, 'Male', 147.40, 155.20, 163.00, 170.80, 178.60, 186.40, 194.20, '2023-12-13 23:16:16', '2023-12-13 23:16:16'),
(507, 16, 'Male', 150.90, 158.60, 166.30, 174.00, 181.80, 189.50, 197.20, '2023-12-13 23:16:16', '2023-12-13 23:16:16'),
(508, 17, 'Male', 153.00, 160.50, 168.10, 175.70, 183.30, 190.80, 198.40, '2023-12-13 23:16:16', '2023-12-13 23:16:16'),
(509, 18, 'Male', 154.20, 161.60, 169.00, 176.40, 183.80, 191.10, 198.50, '2023-12-13 23:16:16', '2023-12-13 23:16:16'),
(510, 19, 'Male', 154.60, 161.90, 169.20, 176.50, 183.80, 191.10, 198.40, '2023-12-13 23:16:16', '2023-12-13 23:16:16'),
(511, 5, 'Female', 97.00, 101.90, 106.80, 111.70, 116.60, 121.50, 126.40, '2023-12-13 23:16:16', '2023-12-13 23:16:16'),
(512, 6, 'Female', 101.70, 107.00, 112.20, 117.50, 122.80, 128.00, 133.30, '2023-12-13 23:16:16', '2023-12-13 23:16:16'),
(513, 7, 'Female', 106.40, 112.00, 117.60, 123.20, 128.80, 134.40, 140.00, '2023-12-13 23:16:16', '2023-12-13 23:16:16'),
(514, 8, 'Female', 111.20, 117.10, 123.10, 129.00, 134.90, 140.90, 146.80, '2023-12-13 23:16:16', '2023-12-13 23:16:16'),
(515, 9, 'Female', 116.30, 122.60, 128.80, 135.00, 141.30, 147.50, 153.70, '2023-12-13 23:16:16', '2023-12-13 23:16:16'),
(516, 10, 'Female', 121.70, 128.20, 134.80, 141.30, 147.80, 154.30, 160.80, '2023-12-13 23:16:16', '2023-12-13 23:16:16'),
(517, 11, 'Female', 127.40, 134.20, 140.90, 147.70, 154.40, 161.10, 167.90, '2023-12-13 23:16:16', '2023-12-13 23:16:16'),
(518, 12, 'Female', 132.90, 139.80, 146.70, 153.60, 160.50, 167.40, 174.30, '2023-12-13 23:16:16', '2023-12-13 23:16:16'),
(519, 13, 'Female', 137.20, 144.10, 151.10, 158.00, 165.00, 171.90, 178.90, '2023-12-13 23:16:16', '2023-12-13 23:16:16'),
(520, 14, 'Female', 140.00, 146.90, 153.80, 160.70, 167.70, 174.60, 181.50, '2023-12-13 23:16:16', '2023-12-13 23:16:16'),
(521, 15, 'Female', 141.60, 148.40, 155.30, 162.10, 169.00, 175.80, 182.60, '2023-12-13 23:16:16', '2023-12-13 23:16:16'),
(522, 16, 'Female', 142.40, 149.20, 155.90, 162.70, 169.40, 176.20, 182.90, '2023-12-13 23:16:16', '2023-12-13 23:16:16'),
(523, 17, 'Female', 143.00, 149.60, 156.30, 162.90, 169.60, 176.30, 182.90, '2023-12-13 23:16:16', '2023-12-13 23:16:16'),
(524, 18, 'Female', 143.40, 150.00, 156.50, 163.10, 169.70, 176.30, 182.90, '2023-12-13 23:16:16', '2023-12-13 23:16:16'),
(525, 19, 'Female', 143.50, 150.10, 156.60, 163.20, 169.70, 176.20, 182.80, '2023-12-13 23:16:16', '2023-12-13 23:16:16'),
(526, 5, 'Male', 98.20, 103.00, 107.70, 112.40, 117.10, 121.80, 126.50, '2023-12-13 23:16:16', '2023-12-13 23:16:16'),
(527, 6, 'Male', 103.20, 108.20, 113.30, 118.40, 123.50, 128.50, 133.60, '2023-12-13 23:16:16', '2023-12-13 23:16:16'),
(528, 7, 'Male', 107.80, 113.20, 118.60, 124.10, 129.50, 134.90, 140.40, '2023-12-13 23:16:16', '2023-12-13 23:16:16'),
(529, 8, 'Male', 112.10, 117.90, 123.70, 129.50, 135.30, 141.10, 146.90, '2023-12-13 23:16:16', '2023-12-13 23:16:16'),
(530, 9, 'Male', 116.30, 122.40, 128.60, 134.70, 140.90, 147.10, 153.20, '2023-12-13 23:16:16', '2023-12-13 23:16:16'),
(531, 10, 'Male', 120.40, 126.90, 133.40, 140.00, 146.50, 153.00, 159.50, '2023-12-13 23:16:16', '2023-12-13 23:16:16'),
(532, 11, 'Male', 124.90, 131.70, 138.60, 145.50, 152.40, 159.30, 166.10, '2023-12-13 23:16:16', '2023-12-13 23:16:16'),
(533, 12, 'Male', 130.20, 137.40, 144.60, 151.90, 159.10, 166.30, 173.60, '2023-12-13 23:16:16', '2023-12-13 23:16:16'),
(534, 13, 'Male', 136.40, 144.00, 151.50, 159.10, 166.60, 174.20, 181.80, '2023-12-13 23:16:16', '2023-12-13 23:16:16'),
(535, 14, 'Male', 142.50, 150.30, 158.10, 165.80, 173.60, 181.30, 189.10, '2023-12-13 23:16:16', '2023-12-13 23:16:16'),
(536, 15, 'Male', 147.40, 155.20, 163.00, 170.80, 178.60, 186.40, 194.20, '2023-12-13 23:16:16', '2023-12-13 23:16:16'),
(537, 16, 'Male', 150.90, 158.60, 166.30, 174.00, 181.80, 189.50, 197.20, '2023-12-13 23:16:16', '2023-12-13 23:16:16'),
(538, 17, 'Male', 153.00, 160.50, 168.10, 175.70, 183.30, 190.80, 198.40, '2023-12-13 23:16:16', '2023-12-13 23:16:16'),
(539, 18, 'Male', 154.20, 161.60, 169.00, 176.40, 183.80, 191.10, 198.50, '2023-12-13 23:16:16', '2023-12-13 23:16:16'),
(540, 19, 'Male', 154.60, 161.90, 169.20, 176.50, 183.80, 191.10, 198.40, '2023-12-13 23:16:16', '2023-12-13 23:16:16'),
(541, 5, 'Female', 97.00, 101.90, 106.80, 111.70, 116.60, 121.50, 126.40, '2023-12-13 23:16:16', '2023-12-13 23:16:16'),
(542, 6, 'Female', 101.70, 107.00, 112.20, 117.50, 122.80, 128.00, 133.30, '2023-12-13 23:16:16', '2023-12-13 23:16:16'),
(543, 7, 'Female', 106.40, 112.00, 117.60, 123.20, 128.80, 134.40, 140.00, '2023-12-13 23:16:16', '2023-12-13 23:16:16'),
(544, 8, 'Female', 111.20, 117.10, 123.10, 129.00, 134.90, 140.90, 146.80, '2023-12-13 23:16:16', '2023-12-13 23:16:16'),
(545, 9, 'Female', 116.30, 122.60, 128.80, 135.00, 141.30, 147.50, 153.70, '2023-12-13 23:16:16', '2023-12-13 23:16:16'),
(546, 10, 'Female', 121.70, 128.20, 134.80, 141.30, 147.80, 154.30, 160.80, '2023-12-13 23:16:16', '2023-12-13 23:16:16'),
(547, 11, 'Female', 127.40, 134.20, 140.90, 147.70, 154.40, 161.10, 167.90, '2023-12-13 23:16:16', '2023-12-13 23:16:16'),
(548, 12, 'Female', 132.90, 139.80, 146.70, 153.60, 160.50, 167.40, 174.30, '2023-12-13 23:16:16', '2023-12-13 23:16:16'),
(549, 13, 'Female', 137.20, 144.10, 151.10, 158.00, 165.00, 171.90, 178.90, '2023-12-13 23:16:16', '2023-12-13 23:16:16'),
(550, 14, 'Female', 140.00, 146.90, 153.80, 160.70, 167.70, 174.60, 181.50, '2023-12-13 23:16:16', '2023-12-13 23:16:16'),
(551, 15, 'Female', 141.60, 148.40, 155.30, 162.10, 169.00, 175.80, 182.60, '2023-12-13 23:16:16', '2023-12-13 23:16:16'),
(552, 16, 'Female', 142.40, 149.20, 155.90, 162.70, 169.40, 176.20, 182.90, '2023-12-13 23:16:16', '2023-12-13 23:16:16'),
(553, 17, 'Female', 143.00, 149.60, 156.30, 162.90, 169.60, 176.30, 182.90, '2023-12-13 23:16:16', '2023-12-13 23:16:16'),
(554, 18, 'Female', 143.40, 150.00, 156.50, 163.10, 169.70, 176.30, 182.90, '2023-12-13 23:16:16', '2023-12-13 23:16:16'),
(555, 19, 'Female', 143.50, 150.10, 156.60, 163.20, 169.70, 176.20, 182.80, '2023-12-13 23:16:16', '2023-12-13 23:16:16'),
(556, 5, 'Male', 98.20, 103.00, 107.70, 112.40, 117.10, 121.80, 126.50, '2023-12-13 23:16:16', '2023-12-13 23:16:16'),
(557, 6, 'Male', 103.20, 108.20, 113.30, 118.40, 123.50, 128.50, 133.60, '2023-12-13 23:16:16', '2023-12-13 23:16:16'),
(558, 7, 'Male', 107.80, 113.20, 118.60, 124.10, 129.50, 134.90, 140.40, '2023-12-13 23:16:16', '2023-12-13 23:16:16'),
(559, 8, 'Male', 112.10, 117.90, 123.70, 129.50, 135.30, 141.10, 146.90, '2023-12-13 23:16:17', '2023-12-13 23:16:17'),
(560, 9, 'Male', 116.30, 122.40, 128.60, 134.70, 140.90, 147.10, 153.20, '2023-12-13 23:16:17', '2023-12-13 23:16:17'),
(561, 10, 'Male', 120.40, 126.90, 133.40, 140.00, 146.50, 153.00, 159.50, '2023-12-13 23:16:17', '2023-12-13 23:16:17'),
(562, 11, 'Male', 124.90, 131.70, 138.60, 145.50, 152.40, 159.30, 166.10, '2023-12-13 23:16:17', '2023-12-13 23:16:17'),
(563, 12, 'Male', 130.20, 137.40, 144.60, 151.90, 159.10, 166.30, 173.60, '2023-12-13 23:16:17', '2023-12-13 23:16:17'),
(564, 13, 'Male', 136.40, 144.00, 151.50, 159.10, 166.60, 174.20, 181.80, '2023-12-13 23:16:17', '2023-12-13 23:16:17'),
(565, 14, 'Male', 142.50, 150.30, 158.10, 165.80, 173.60, 181.30, 189.10, '2023-12-13 23:16:17', '2023-12-13 23:16:17'),
(566, 15, 'Male', 147.40, 155.20, 163.00, 170.80, 178.60, 186.40, 194.20, '2023-12-13 23:16:17', '2023-12-13 23:16:17'),
(567, 16, 'Male', 150.90, 158.60, 166.30, 174.00, 181.80, 189.50, 197.20, '2023-12-13 23:16:17', '2023-12-13 23:16:17'),
(568, 17, 'Male', 153.00, 160.50, 168.10, 175.70, 183.30, 190.80, 198.40, '2023-12-13 23:16:17', '2023-12-13 23:16:17'),
(569, 18, 'Male', 154.20, 161.60, 169.00, 176.40, 183.80, 191.10, 198.50, '2023-12-13 23:16:17', '2023-12-13 23:16:17'),
(570, 19, 'Male', 154.60, 161.90, 169.20, 176.50, 183.80, 191.10, 198.40, '2023-12-13 23:16:17', '2023-12-13 23:16:17'),
(571, 5, 'Female', 97.00, 101.90, 106.80, 111.70, 116.60, 121.50, 126.40, '2023-12-13 23:16:17', '2023-12-13 23:16:17'),
(572, 6, 'Female', 101.70, 107.00, 112.20, 117.50, 122.80, 128.00, 133.30, '2023-12-13 23:16:17', '2023-12-13 23:16:17'),
(573, 7, 'Female', 106.40, 112.00, 117.60, 123.20, 128.80, 134.40, 140.00, '2023-12-13 23:16:17', '2023-12-13 23:16:17'),
(574, 8, 'Female', 111.20, 117.10, 123.10, 129.00, 134.90, 140.90, 146.80, '2023-12-13 23:16:17', '2023-12-13 23:16:17'),
(575, 9, 'Female', 116.30, 122.60, 128.80, 135.00, 141.30, 147.50, 153.70, '2023-12-13 23:16:17', '2023-12-13 23:16:17'),
(576, 10, 'Female', 121.70, 128.20, 134.80, 141.30, 147.80, 154.30, 160.80, '2023-12-13 23:16:17', '2023-12-13 23:16:17'),
(577, 11, 'Female', 127.40, 134.20, 140.90, 147.70, 154.40, 161.10, 167.90, '2023-12-13 23:16:17', '2023-12-13 23:16:17'),
(578, 12, 'Female', 132.90, 139.80, 146.70, 153.60, 160.50, 167.40, 174.30, '2023-12-13 23:16:17', '2023-12-13 23:16:17'),
(579, 13, 'Female', 137.20, 144.10, 151.10, 158.00, 165.00, 171.90, 178.90, '2023-12-13 23:16:17', '2023-12-13 23:16:17'),
(580, 14, 'Female', 140.00, 146.90, 153.80, 160.70, 167.70, 174.60, 181.50, '2023-12-13 23:16:17', '2023-12-13 23:16:17'),
(581, 15, 'Female', 141.60, 148.40, 155.30, 162.10, 169.00, 175.80, 182.60, '2023-12-13 23:16:17', '2023-12-13 23:16:17'),
(582, 16, 'Female', 142.40, 149.20, 155.90, 162.70, 169.40, 176.20, 182.90, '2023-12-13 23:16:17', '2023-12-13 23:16:17'),
(583, 17, 'Female', 143.00, 149.60, 156.30, 162.90, 169.60, 176.30, 182.90, '2023-12-13 23:16:17', '2023-12-13 23:16:17'),
(584, 18, 'Female', 143.40, 150.00, 156.50, 163.10, 169.70, 176.30, 182.90, '2023-12-13 23:16:17', '2023-12-13 23:16:17'),
(585, 19, 'Female', 143.50, 150.10, 156.60, 163.20, 169.70, 176.20, 182.80, '2023-12-13 23:16:17', '2023-12-13 23:16:17'),
(586, 5, 'Male', 98.20, 103.00, 107.70, 112.40, 117.10, 121.80, 126.50, '2023-12-13 23:16:17', '2023-12-13 23:16:17'),
(587, 6, 'Male', 103.20, 108.20, 113.30, 118.40, 123.50, 128.50, 133.60, '2023-12-13 23:16:17', '2023-12-13 23:16:17'),
(588, 7, 'Male', 107.80, 113.20, 118.60, 124.10, 129.50, 134.90, 140.40, '2023-12-13 23:16:17', '2023-12-13 23:16:17'),
(589, 8, 'Male', 112.10, 117.90, 123.70, 129.50, 135.30, 141.10, 146.90, '2023-12-13 23:16:17', '2023-12-13 23:16:17'),
(590, 9, 'Male', 116.30, 122.40, 128.60, 134.70, 140.90, 147.10, 153.20, '2023-12-13 23:16:17', '2023-12-13 23:16:17'),
(591, 10, 'Male', 120.40, 126.90, 133.40, 140.00, 146.50, 153.00, 159.50, '2023-12-13 23:16:17', '2023-12-13 23:16:17'),
(592, 11, 'Male', 124.90, 131.70, 138.60, 145.50, 152.40, 159.30, 166.10, '2023-12-13 23:16:17', '2023-12-13 23:16:17'),
(593, 12, 'Male', 130.20, 137.40, 144.60, 151.90, 159.10, 166.30, 173.60, '2023-12-13 23:16:17', '2023-12-13 23:16:17'),
(594, 13, 'Male', 136.40, 144.00, 151.50, 159.10, 166.60, 174.20, 181.80, '2023-12-13 23:16:17', '2023-12-13 23:16:17'),
(595, 14, 'Male', 142.50, 150.30, 158.10, 165.80, 173.60, 181.30, 189.10, '2023-12-13 23:16:17', '2023-12-13 23:16:17'),
(596, 15, 'Male', 147.40, 155.20, 163.00, 170.80, 178.60, 186.40, 194.20, '2023-12-13 23:16:17', '2023-12-13 23:16:17'),
(597, 16, 'Male', 150.90, 158.60, 166.30, 174.00, 181.80, 189.50, 197.20, '2023-12-13 23:16:17', '2023-12-13 23:16:17'),
(598, 17, 'Male', 153.00, 160.50, 168.10, 175.70, 183.30, 190.80, 198.40, '2023-12-13 23:16:17', '2023-12-13 23:16:17'),
(599, 18, 'Male', 154.20, 161.60, 169.00, 176.40, 183.80, 191.10, 198.50, '2023-12-13 23:16:17', '2023-12-13 23:16:17'),
(600, 19, 'Male', 154.60, 161.90, 169.20, 176.50, 183.80, 191.10, 198.40, '2023-12-13 23:16:17', '2023-12-13 23:16:17'),
(601, 5, 'Female', 97.00, 101.90, 106.80, 111.70, 116.60, 121.50, 126.40, '2023-12-13 23:16:17', '2023-12-13 23:16:17'),
(602, 6, 'Female', 101.70, 107.00, 112.20, 117.50, 122.80, 128.00, 133.30, '2023-12-13 23:16:17', '2023-12-13 23:16:17'),
(603, 7, 'Female', 106.40, 112.00, 117.60, 123.20, 128.80, 134.40, 140.00, '2023-12-13 23:16:17', '2023-12-13 23:16:17'),
(604, 8, 'Female', 111.20, 117.10, 123.10, 129.00, 134.90, 140.90, 146.80, '2023-12-13 23:16:17', '2023-12-13 23:16:17'),
(605, 9, 'Female', 116.30, 122.60, 128.80, 135.00, 141.30, 147.50, 153.70, '2023-12-13 23:16:17', '2023-12-13 23:16:17'),
(606, 10, 'Female', 121.70, 128.20, 134.80, 141.30, 147.80, 154.30, 160.80, '2023-12-13 23:16:17', '2023-12-13 23:16:17'),
(607, 11, 'Female', 127.40, 134.20, 140.90, 147.70, 154.40, 161.10, 167.90, '2023-12-13 23:16:17', '2023-12-13 23:16:17'),
(608, 12, 'Female', 132.90, 139.80, 146.70, 153.60, 160.50, 167.40, 174.30, '2023-12-13 23:16:17', '2023-12-13 23:16:17'),
(609, 13, 'Female', 137.20, 144.10, 151.10, 158.00, 165.00, 171.90, 178.90, '2023-12-13 23:16:17', '2023-12-13 23:16:17'),
(610, 14, 'Female', 140.00, 146.90, 153.80, 160.70, 167.70, 174.60, 181.50, '2023-12-13 23:16:17', '2023-12-13 23:16:17'),
(611, 15, 'Female', 141.60, 148.40, 155.30, 162.10, 169.00, 175.80, 182.60, '2023-12-13 23:16:17', '2023-12-13 23:16:17'),
(612, 16, 'Female', 142.40, 149.20, 155.90, 162.70, 169.40, 176.20, 182.90, '2023-12-13 23:16:17', '2023-12-13 23:16:17'),
(613, 17, 'Female', 143.00, 149.60, 156.30, 162.90, 169.60, 176.30, 182.90, '2023-12-13 23:16:17', '2023-12-13 23:16:17'),
(614, 18, 'Female', 143.40, 150.00, 156.50, 163.10, 169.70, 176.30, 182.90, '2023-12-13 23:16:17', '2023-12-13 23:16:17'),
(615, 19, 'Female', 143.50, 150.10, 156.60, 163.20, 169.70, 176.20, 182.80, '2023-12-13 23:16:17', '2023-12-13 23:16:17'),
(616, 5, 'Male', 98.20, 103.00, 107.70, 112.40, 117.10, 121.80, 126.50, '2023-12-13 23:16:17', '2023-12-13 23:16:17'),
(617, 6, 'Male', 103.20, 108.20, 113.30, 118.40, 123.50, 128.50, 133.60, '2023-12-13 23:16:17', '2023-12-13 23:16:17'),
(618, 7, 'Male', 107.80, 113.20, 118.60, 124.10, 129.50, 134.90, 140.40, '2023-12-13 23:16:17', '2023-12-13 23:16:17'),
(619, 8, 'Male', 112.10, 117.90, 123.70, 129.50, 135.30, 141.10, 146.90, '2023-12-13 23:16:17', '2023-12-13 23:16:17'),
(620, 9, 'Male', 116.30, 122.40, 128.60, 134.70, 140.90, 147.10, 153.20, '2023-12-13 23:16:17', '2023-12-13 23:16:17'),
(621, 10, 'Male', 120.40, 126.90, 133.40, 140.00, 146.50, 153.00, 159.50, '2023-12-13 23:16:17', '2023-12-13 23:16:17'),
(622, 11, 'Male', 124.90, 131.70, 138.60, 145.50, 152.40, 159.30, 166.10, '2023-12-13 23:16:17', '2023-12-13 23:16:17'),
(623, 12, 'Male', 130.20, 137.40, 144.60, 151.90, 159.10, 166.30, 173.60, '2023-12-13 23:16:17', '2023-12-13 23:16:17'),
(624, 13, 'Male', 136.40, 144.00, 151.50, 159.10, 166.60, 174.20, 181.80, '2023-12-13 23:16:17', '2023-12-13 23:16:17'),
(625, 14, 'Male', 142.50, 150.30, 158.10, 165.80, 173.60, 181.30, 189.10, '2023-12-13 23:16:17', '2023-12-13 23:16:17'),
(626, 15, 'Male', 147.40, 155.20, 163.00, 170.80, 178.60, 186.40, 194.20, '2023-12-13 23:16:17', '2023-12-13 23:16:17'),
(627, 16, 'Male', 150.90, 158.60, 166.30, 174.00, 181.80, 189.50, 197.20, '2023-12-13 23:16:17', '2023-12-13 23:16:17'),
(628, 17, 'Male', 153.00, 160.50, 168.10, 175.70, 183.30, 190.80, 198.40, '2023-12-13 23:16:17', '2023-12-13 23:16:17'),
(629, 18, 'Male', 154.20, 161.60, 169.00, 176.40, 183.80, 191.10, 198.50, '2023-12-13 23:16:17', '2023-12-13 23:16:17'),
(630, 19, 'Male', 154.60, 161.90, 169.20, 176.50, 183.80, 191.10, 198.40, '2023-12-13 23:16:17', '2023-12-13 23:16:17'),
(631, 5, 'Female', 97.00, 101.90, 106.80, 111.70, 116.60, 121.50, 126.40, '2023-12-13 23:16:17', '2023-12-13 23:16:17'),
(632, 6, 'Female', 101.70, 107.00, 112.20, 117.50, 122.80, 128.00, 133.30, '2023-12-13 23:16:17', '2023-12-13 23:16:17'),
(633, 7, 'Female', 106.40, 112.00, 117.60, 123.20, 128.80, 134.40, 140.00, '2023-12-13 23:16:17', '2023-12-13 23:16:17'),
(634, 8, 'Female', 111.20, 117.10, 123.10, 129.00, 134.90, 140.90, 146.80, '2023-12-13 23:16:17', '2023-12-13 23:16:17'),
(635, 9, 'Female', 116.30, 122.60, 128.80, 135.00, 141.30, 147.50, 153.70, '2023-12-13 23:16:17', '2023-12-13 23:16:17'),
(636, 10, 'Female', 121.70, 128.20, 134.80, 141.30, 147.80, 154.30, 160.80, '2023-12-13 23:16:17', '2023-12-13 23:16:17'),
(637, 11, 'Female', 127.40, 134.20, 140.90, 147.70, 154.40, 161.10, 167.90, '2023-12-13 23:16:17', '2023-12-13 23:16:17'),
(638, 12, 'Female', 132.90, 139.80, 146.70, 153.60, 160.50, 167.40, 174.30, '2023-12-13 23:16:17', '2023-12-13 23:16:17'),
(639, 13, 'Female', 137.20, 144.10, 151.10, 158.00, 165.00, 171.90, 178.90, '2023-12-13 23:16:17', '2023-12-13 23:16:17'),
(640, 14, 'Female', 140.00, 146.90, 153.80, 160.70, 167.70, 174.60, 181.50, '2023-12-13 23:16:17', '2023-12-13 23:16:17'),
(641, 15, 'Female', 141.60, 148.40, 155.30, 162.10, 169.00, 175.80, 182.60, '2023-12-13 23:16:17', '2023-12-13 23:16:17'),
(642, 16, 'Female', 142.40, 149.20, 155.90, 162.70, 169.40, 176.20, 182.90, '2023-12-13 23:16:17', '2023-12-13 23:16:17'),
(643, 17, 'Female', 143.00, 149.60, 156.30, 162.90, 169.60, 176.30, 182.90, '2023-12-13 23:16:17', '2023-12-13 23:16:17'),
(644, 18, 'Female', 143.40, 150.00, 156.50, 163.10, 169.70, 176.30, 182.90, '2023-12-13 23:16:17', '2023-12-13 23:16:17'),
(645, 19, 'Female', 143.50, 150.10, 156.60, 163.20, 169.70, 176.20, 182.80, '2023-12-13 23:16:17', '2023-12-13 23:16:17'),
(646, 5, 'Male', 98.20, 103.00, 107.70, 112.40, 117.10, 121.80, 126.50, '2023-12-13 23:16:17', '2023-12-13 23:16:17'),
(647, 6, 'Male', 103.20, 108.20, 113.30, 118.40, 123.50, 128.50, 133.60, '2023-12-13 23:16:17', '2023-12-13 23:16:17'),
(648, 7, 'Male', 107.80, 113.20, 118.60, 124.10, 129.50, 134.90, 140.40, '2023-12-13 23:16:17', '2023-12-13 23:16:17'),
(649, 8, 'Male', 112.10, 117.90, 123.70, 129.50, 135.30, 141.10, 146.90, '2023-12-13 23:16:17', '2023-12-13 23:16:17'),
(650, 9, 'Male', 116.30, 122.40, 128.60, 134.70, 140.90, 147.10, 153.20, '2023-12-13 23:16:17', '2023-12-13 23:16:17'),
(651, 10, 'Male', 120.40, 126.90, 133.40, 140.00, 146.50, 153.00, 159.50, '2023-12-13 23:16:17', '2023-12-13 23:16:17'),
(652, 11, 'Male', 124.90, 131.70, 138.60, 145.50, 152.40, 159.30, 166.10, '2023-12-13 23:16:17', '2023-12-13 23:16:17'),
(653, 12, 'Male', 130.20, 137.40, 144.60, 151.90, 159.10, 166.30, 173.60, '2023-12-13 23:16:17', '2023-12-13 23:16:17'),
(654, 13, 'Male', 136.40, 144.00, 151.50, 159.10, 166.60, 174.20, 181.80, '2023-12-13 23:16:17', '2023-12-13 23:16:17'),
(655, 14, 'Male', 142.50, 150.30, 158.10, 165.80, 173.60, 181.30, 189.10, '2023-12-13 23:16:17', '2023-12-13 23:16:17'),
(656, 15, 'Male', 147.40, 155.20, 163.00, 170.80, 178.60, 186.40, 194.20, '2023-12-13 23:16:17', '2023-12-13 23:16:17'),
(657, 16, 'Male', 150.90, 158.60, 166.30, 174.00, 181.80, 189.50, 197.20, '2023-12-13 23:16:17', '2023-12-13 23:16:17'),
(658, 17, 'Male', 153.00, 160.50, 168.10, 175.70, 183.30, 190.80, 198.40, '2023-12-13 23:16:17', '2023-12-13 23:16:17'),
(659, 18, 'Male', 154.20, 161.60, 169.00, 176.40, 183.80, 191.10, 198.50, '2023-12-13 23:16:17', '2023-12-13 23:16:17'),
(660, 19, 'Male', 154.60, 161.90, 169.20, 176.50, 183.80, 191.10, 198.40, '2023-12-13 23:16:17', '2023-12-13 23:16:17'),
(661, 5, 'Female', 97.00, 101.90, 106.80, 111.70, 116.60, 121.50, 126.40, '2023-12-13 23:16:17', '2023-12-13 23:16:17'),
(662, 6, 'Female', 101.70, 107.00, 112.20, 117.50, 122.80, 128.00, 133.30, '2023-12-13 23:16:17', '2023-12-13 23:16:17'),
(663, 7, 'Female', 106.40, 112.00, 117.60, 123.20, 128.80, 134.40, 140.00, '2023-12-13 23:16:17', '2023-12-13 23:16:17'),
(664, 8, 'Female', 111.20, 117.10, 123.10, 129.00, 134.90, 140.90, 146.80, '2023-12-13 23:16:17', '2023-12-13 23:16:17'),
(665, 9, 'Female', 116.30, 122.60, 128.80, 135.00, 141.30, 147.50, 153.70, '2023-12-13 23:16:17', '2023-12-13 23:16:17'),
(666, 10, 'Female', 121.70, 128.20, 134.80, 141.30, 147.80, 154.30, 160.80, '2023-12-13 23:16:17', '2023-12-13 23:16:17'),
(667, 11, 'Female', 127.40, 134.20, 140.90, 147.70, 154.40, 161.10, 167.90, '2023-12-13 23:16:17', '2023-12-13 23:16:17'),
(668, 12, 'Female', 132.90, 139.80, 146.70, 153.60, 160.50, 167.40, 174.30, '2023-12-13 23:16:17', '2023-12-13 23:16:17'),
(669, 13, 'Female', 137.20, 144.10, 151.10, 158.00, 165.00, 171.90, 178.90, '2023-12-13 23:16:17', '2023-12-13 23:16:17'),
(670, 14, 'Female', 140.00, 146.90, 153.80, 160.70, 167.70, 174.60, 181.50, '2023-12-13 23:16:17', '2023-12-13 23:16:17'),
(671, 15, 'Female', 141.60, 148.40, 155.30, 162.10, 169.00, 175.80, 182.60, '2023-12-13 23:16:17', '2023-12-13 23:16:17'),
(672, 16, 'Female', 142.40, 149.20, 155.90, 162.70, 169.40, 176.20, 182.90, '2023-12-13 23:16:17', '2023-12-13 23:16:17'),
(673, 17, 'Female', 143.00, 149.60, 156.30, 162.90, 169.60, 176.30, 182.90, '2023-12-13 23:16:17', '2023-12-13 23:16:17'),
(674, 18, 'Female', 143.40, 150.00, 156.50, 163.10, 169.70, 176.30, 182.90, '2023-12-13 23:16:17', '2023-12-13 23:16:17'),
(675, 19, 'Female', 143.50, 150.10, 156.60, 163.20, 169.70, 176.20, 182.80, '2023-12-13 23:16:17', '2023-12-13 23:16:17'),
(676, 5, 'Male', 98.20, 103.00, 107.70, 112.40, 117.10, 121.80, 126.50, '2023-12-13 23:16:17', '2023-12-13 23:16:17'),
(677, 6, 'Male', 103.20, 108.20, 113.30, 118.40, 123.50, 128.50, 133.60, '2023-12-13 23:16:17', '2023-12-13 23:16:17'),
(678, 7, 'Male', 107.80, 113.20, 118.60, 124.10, 129.50, 134.90, 140.40, '2023-12-13 23:16:17', '2023-12-13 23:16:17'),
(679, 8, 'Male', 112.10, 117.90, 123.70, 129.50, 135.30, 141.10, 146.90, '2023-12-13 23:16:17', '2023-12-13 23:16:17'),
(680, 9, 'Male', 116.30, 122.40, 128.60, 134.70, 140.90, 147.10, 153.20, '2023-12-13 23:16:17', '2023-12-13 23:16:17'),
(681, 10, 'Male', 120.40, 126.90, 133.40, 140.00, 146.50, 153.00, 159.50, '2023-12-13 23:16:17', '2023-12-13 23:16:17'),
(682, 11, 'Male', 124.90, 131.70, 138.60, 145.50, 152.40, 159.30, 166.10, '2023-12-13 23:16:17', '2023-12-13 23:16:17'),
(683, 12, 'Male', 130.20, 137.40, 144.60, 151.90, 159.10, 166.30, 173.60, '2023-12-13 23:16:17', '2023-12-13 23:16:17'),
(684, 13, 'Male', 136.40, 144.00, 151.50, 159.10, 166.60, 174.20, 181.80, '2023-12-13 23:16:17', '2023-12-13 23:16:17'),
(685, 14, 'Male', 142.50, 150.30, 158.10, 165.80, 173.60, 181.30, 189.10, '2023-12-13 23:16:17', '2023-12-13 23:16:17'),
(686, 15, 'Male', 147.40, 155.20, 163.00, 170.80, 178.60, 186.40, 194.20, '2023-12-13 23:16:17', '2023-12-13 23:16:17'),
(687, 16, 'Male', 150.90, 158.60, 166.30, 174.00, 181.80, 189.50, 197.20, '2023-12-13 23:16:17', '2023-12-13 23:16:17'),
(688, 17, 'Male', 153.00, 160.50, 168.10, 175.70, 183.30, 190.80, 198.40, '2023-12-13 23:16:17', '2023-12-13 23:16:17'),
(689, 18, 'Male', 154.20, 161.60, 169.00, 176.40, 183.80, 191.10, 198.50, '2023-12-13 23:16:17', '2023-12-13 23:16:17'),
(690, 19, 'Male', 154.60, 161.90, 169.20, 176.50, 183.80, 191.10, 198.40, '2023-12-13 23:16:17', '2023-12-13 23:16:17'),
(691, 5, 'Female', 97.00, 101.90, 106.80, 111.70, 116.60, 121.50, 126.40, '2023-12-13 23:16:17', '2023-12-13 23:16:17'),
(692, 6, 'Female', 101.70, 107.00, 112.20, 117.50, 122.80, 128.00, 133.30, '2023-12-13 23:16:17', '2023-12-13 23:16:17'),
(693, 7, 'Female', 106.40, 112.00, 117.60, 123.20, 128.80, 134.40, 140.00, '2023-12-13 23:16:17', '2023-12-13 23:16:17'),
(694, 8, 'Female', 111.20, 117.10, 123.10, 129.00, 134.90, 140.90, 146.80, '2023-12-13 23:16:17', '2023-12-13 23:16:17'),
(695, 9, 'Female', 116.30, 122.60, 128.80, 135.00, 141.30, 147.50, 153.70, '2023-12-13 23:16:17', '2023-12-13 23:16:17'),
(696, 10, 'Female', 121.70, 128.20, 134.80, 141.30, 147.80, 154.30, 160.80, '2023-12-13 23:16:17', '2023-12-13 23:16:17'),
(697, 11, 'Female', 127.40, 134.20, 140.90, 147.70, 154.40, 161.10, 167.90, '2023-12-13 23:16:17', '2023-12-13 23:16:17'),
(698, 12, 'Female', 132.90, 139.80, 146.70, 153.60, 160.50, 167.40, 174.30, '2023-12-13 23:16:17', '2023-12-13 23:16:17'),
(699, 13, 'Female', 137.20, 144.10, 151.10, 158.00, 165.00, 171.90, 178.90, '2023-12-13 23:16:17', '2023-12-13 23:16:17'),
(700, 14, 'Female', 140.00, 146.90, 153.80, 160.70, 167.70, 174.60, 181.50, '2023-12-13 23:16:17', '2023-12-13 23:16:17'),
(701, 15, 'Female', 141.60, 148.40, 155.30, 162.10, 169.00, 175.80, 182.60, '2023-12-13 23:16:17', '2023-12-13 23:16:17'),
(702, 16, 'Female', 142.40, 149.20, 155.90, 162.70, 169.40, 176.20, 182.90, '2023-12-13 23:16:17', '2023-12-13 23:16:17'),
(703, 17, 'Female', 143.00, 149.60, 156.30, 162.90, 169.60, 176.30, 182.90, '2023-12-13 23:16:17', '2023-12-13 23:16:17'),
(704, 18, 'Female', 143.40, 150.00, 156.50, 163.10, 169.70, 176.30, 182.90, '2023-12-13 23:16:17', '2023-12-13 23:16:17'),
(705, 19, 'Female', 143.50, 150.10, 156.60, 163.20, 169.70, 176.20, 182.80, '2023-12-13 23:16:17', '2023-12-13 23:16:17'),
(706, 5, 'Male', 98.20, 103.00, 107.70, 112.40, 117.10, 121.80, 126.50, '2023-12-13 23:16:17', '2023-12-13 23:16:17'),
(707, 6, 'Male', 103.20, 108.20, 113.30, 118.40, 123.50, 128.50, 133.60, '2023-12-13 23:16:17', '2023-12-13 23:16:17'),
(708, 7, 'Male', 107.80, 113.20, 118.60, 124.10, 129.50, 134.90, 140.40, '2023-12-13 23:16:17', '2023-12-13 23:16:17'),
(709, 8, 'Male', 112.10, 117.90, 123.70, 129.50, 135.30, 141.10, 146.90, '2023-12-13 23:16:17', '2023-12-13 23:16:17'),
(710, 9, 'Male', 116.30, 122.40, 128.60, 134.70, 140.90, 147.10, 153.20, '2023-12-13 23:16:17', '2023-12-13 23:16:17'),
(711, 10, 'Male', 120.40, 126.90, 133.40, 140.00, 146.50, 153.00, 159.50, '2023-12-13 23:16:17', '2023-12-13 23:16:17'),
(712, 11, 'Male', 124.90, 131.70, 138.60, 145.50, 152.40, 159.30, 166.10, '2023-12-13 23:16:17', '2023-12-13 23:16:17'),
(713, 12, 'Male', 130.20, 137.40, 144.60, 151.90, 159.10, 166.30, 173.60, '2023-12-13 23:16:17', '2023-12-13 23:16:17'),
(714, 13, 'Male', 136.40, 144.00, 151.50, 159.10, 166.60, 174.20, 181.80, '2023-12-13 23:16:17', '2023-12-13 23:16:17'),
(715, 14, 'Male', 142.50, 150.30, 158.10, 165.80, 173.60, 181.30, 189.10, '2023-12-13 23:16:17', '2023-12-13 23:16:17'),
(716, 15, 'Male', 147.40, 155.20, 163.00, 170.80, 178.60, 186.40, 194.20, '2023-12-13 23:16:17', '2023-12-13 23:16:17'),
(717, 16, 'Male', 150.90, 158.60, 166.30, 174.00, 181.80, 189.50, 197.20, '2023-12-13 23:16:17', '2023-12-13 23:16:17'),
(718, 17, 'Male', 153.00, 160.50, 168.10, 175.70, 183.30, 190.80, 198.40, '2023-12-13 23:16:17', '2023-12-13 23:16:17'),
(719, 18, 'Male', 154.20, 161.60, 169.00, 176.40, 183.80, 191.10, 198.50, '2023-12-13 23:16:17', '2023-12-13 23:16:17'),
(720, 19, 'Male', 154.60, 161.90, 169.20, 176.50, 183.80, 191.10, 198.40, '2023-12-13 23:16:17', '2023-12-13 23:16:17'),
(721, 5, 'Female', 97.00, 101.90, 106.80, 111.70, 116.60, 121.50, 126.40, '2023-12-13 23:16:17', '2023-12-13 23:16:17'),
(722, 6, 'Female', 101.70, 107.00, 112.20, 117.50, 122.80, 128.00, 133.30, '2023-12-13 23:16:17', '2023-12-13 23:16:17'),
(723, 7, 'Female', 106.40, 112.00, 117.60, 123.20, 128.80, 134.40, 140.00, '2023-12-13 23:16:17', '2023-12-13 23:16:17'),
(724, 8, 'Female', 111.20, 117.10, 123.10, 129.00, 134.90, 140.90, 146.80, '2023-12-13 23:16:17', '2023-12-13 23:16:17'),
(725, 9, 'Female', 116.30, 122.60, 128.80, 135.00, 141.30, 147.50, 153.70, '2023-12-13 23:16:17', '2023-12-13 23:16:17'),
(726, 10, 'Female', 121.70, 128.20, 134.80, 141.30, 147.80, 154.30, 160.80, '2023-12-13 23:16:17', '2023-12-13 23:16:17'),
(727, 11, 'Female', 127.40, 134.20, 140.90, 147.70, 154.40, 161.10, 167.90, '2023-12-13 23:16:17', '2023-12-13 23:16:17'),
(728, 12, 'Female', 132.90, 139.80, 146.70, 153.60, 160.50, 167.40, 174.30, '2023-12-13 23:16:17', '2023-12-13 23:16:17'),
(729, 13, 'Female', 137.20, 144.10, 151.10, 158.00, 165.00, 171.90, 178.90, '2023-12-13 23:16:17', '2023-12-13 23:16:17'),
(730, 14, 'Female', 140.00, 146.90, 153.80, 160.70, 167.70, 174.60, 181.50, '2023-12-13 23:16:17', '2023-12-13 23:16:17'),
(731, 15, 'Female', 141.60, 148.40, 155.30, 162.10, 169.00, 175.80, 182.60, '2023-12-13 23:16:17', '2023-12-13 23:16:17'),
(732, 16, 'Female', 142.40, 149.20, 155.90, 162.70, 169.40, 176.20, 182.90, '2023-12-13 23:16:17', '2023-12-13 23:16:17'),
(733, 17, 'Female', 143.00, 149.60, 156.30, 162.90, 169.60, 176.30, 182.90, '2023-12-13 23:16:17', '2023-12-13 23:16:17'),
(734, 18, 'Female', 143.40, 150.00, 156.50, 163.10, 169.70, 176.30, 182.90, '2023-12-13 23:16:17', '2023-12-13 23:16:17'),
(735, 19, 'Female', 143.50, 150.10, 156.60, 163.20, 169.70, 176.20, 182.80, '2023-12-13 23:16:17', '2023-12-13 23:16:17'),
(736, 5, 'Male', 98.20, 103.00, 107.70, 112.40, 117.10, 121.80, 126.50, '2023-12-13 23:16:17', '2023-12-13 23:16:17'),
(737, 6, 'Male', 103.20, 108.20, 113.30, 118.40, 123.50, 128.50, 133.60, '2023-12-13 23:16:17', '2023-12-13 23:16:17'),
(738, 7, 'Male', 107.80, 113.20, 118.60, 124.10, 129.50, 134.90, 140.40, '2023-12-13 23:16:17', '2023-12-13 23:16:17'),
(739, 8, 'Male', 112.10, 117.90, 123.70, 129.50, 135.30, 141.10, 146.90, '2023-12-13 23:16:17', '2023-12-13 23:16:17'),
(740, 9, 'Male', 116.30, 122.40, 128.60, 134.70, 140.90, 147.10, 153.20, '2023-12-13 23:16:17', '2023-12-13 23:16:17'),
(741, 10, 'Male', 120.40, 126.90, 133.40, 140.00, 146.50, 153.00, 159.50, '2023-12-13 23:16:17', '2023-12-13 23:16:17'),
(742, 11, 'Male', 124.90, 131.70, 138.60, 145.50, 152.40, 159.30, 166.10, '2023-12-13 23:16:17', '2023-12-13 23:16:17'),
(743, 12, 'Male', 130.20, 137.40, 144.60, 151.90, 159.10, 166.30, 173.60, '2023-12-13 23:16:17', '2023-12-13 23:16:17'),
(744, 13, 'Male', 136.40, 144.00, 151.50, 159.10, 166.60, 174.20, 181.80, '2023-12-13 23:16:17', '2023-12-13 23:16:17'),
(745, 14, 'Male', 142.50, 150.30, 158.10, 165.80, 173.60, 181.30, 189.10, '2023-12-13 23:16:17', '2023-12-13 23:16:17'),
(746, 15, 'Male', 147.40, 155.20, 163.00, 170.80, 178.60, 186.40, 194.20, '2023-12-13 23:16:17', '2023-12-13 23:16:17'),
(747, 16, 'Male', 150.90, 158.60, 166.30, 174.00, 181.80, 189.50, 197.20, '2023-12-13 23:16:17', '2023-12-13 23:16:17'),
(748, 17, 'Male', 153.00, 160.50, 168.10, 175.70, 183.30, 190.80, 198.40, '2023-12-13 23:16:17', '2023-12-13 23:16:17'),
(749, 18, 'Male', 154.20, 161.60, 169.00, 176.40, 183.80, 191.10, 198.50, '2023-12-13 23:16:17', '2023-12-13 23:16:17'),
(750, 19, 'Male', 154.60, 161.90, 169.20, 176.50, 183.80, 191.10, 198.40, '2023-12-13 23:16:17', '2023-12-13 23:16:17'),
(751, 5, 'Female', 97.00, 101.90, 106.80, 111.70, 116.60, 121.50, 126.40, '2023-12-13 23:16:17', '2023-12-13 23:16:17'),
(752, 6, 'Female', 101.70, 107.00, 112.20, 117.50, 122.80, 128.00, 133.30, '2023-12-13 23:16:17', '2023-12-13 23:16:17'),
(753, 7, 'Female', 106.40, 112.00, 117.60, 123.20, 128.80, 134.40, 140.00, '2023-12-13 23:16:17', '2023-12-13 23:16:17'),
(754, 8, 'Female', 111.20, 117.10, 123.10, 129.00, 134.90, 140.90, 146.80, '2023-12-13 23:16:17', '2023-12-13 23:16:17'),
(755, 9, 'Female', 116.30, 122.60, 128.80, 135.00, 141.30, 147.50, 153.70, '2023-12-13 23:16:17', '2023-12-13 23:16:17'),
(756, 10, 'Female', 121.70, 128.20, 134.80, 141.30, 147.80, 154.30, 160.80, '2023-12-13 23:16:17', '2023-12-13 23:16:17'),
(757, 11, 'Female', 127.40, 134.20, 140.90, 147.70, 154.40, 161.10, 167.90, '2023-12-13 23:16:17', '2023-12-13 23:16:17'),
(758, 12, 'Female', 132.90, 139.80, 146.70, 153.60, 160.50, 167.40, 174.30, '2023-12-13 23:16:17', '2023-12-13 23:16:17'),
(759, 13, 'Female', 137.20, 144.10, 151.10, 158.00, 165.00, 171.90, 178.90, '2023-12-13 23:16:17', '2023-12-13 23:16:17'),
(760, 14, 'Female', 140.00, 146.90, 153.80, 160.70, 167.70, 174.60, 181.50, '2023-12-13 23:16:17', '2023-12-13 23:16:17'),
(761, 15, 'Female', 141.60, 148.40, 155.30, 162.10, 169.00, 175.80, 182.60, '2023-12-13 23:16:17', '2023-12-13 23:16:17'),
(762, 16, 'Female', 142.40, 149.20, 155.90, 162.70, 169.40, 176.20, 182.90, '2023-12-13 23:16:17', '2023-12-13 23:16:17'),
(763, 17, 'Female', 143.00, 149.60, 156.30, 162.90, 169.60, 176.30, 182.90, '2023-12-13 23:16:17', '2023-12-13 23:16:17'),
(764, 18, 'Female', 143.40, 150.00, 156.50, 163.10, 169.70, 176.30, 182.90, '2023-12-13 23:16:17', '2023-12-13 23:16:17'),
(765, 19, 'Female', 143.50, 150.10, 156.60, 163.20, 169.70, 176.20, 182.80, '2023-12-13 23:16:17', '2023-12-13 23:16:17'),
(766, 5, 'Male', 98.20, 103.00, 107.70, 112.40, 117.10, 121.80, 126.50, '2023-12-13 23:16:17', '2023-12-13 23:16:17'),
(767, 6, 'Male', 103.20, 108.20, 113.30, 118.40, 123.50, 128.50, 133.60, '2023-12-13 23:16:17', '2023-12-13 23:16:17'),
(768, 7, 'Male', 107.80, 113.20, 118.60, 124.10, 129.50, 134.90, 140.40, '2023-12-13 23:16:17', '2023-12-13 23:16:17'),
(769, 8, 'Male', 112.10, 117.90, 123.70, 129.50, 135.30, 141.10, 146.90, '2023-12-13 23:16:17', '2023-12-13 23:16:17'),
(770, 9, 'Male', 116.30, 122.40, 128.60, 134.70, 140.90, 147.10, 153.20, '2023-12-13 23:16:17', '2023-12-13 23:16:17'),
(771, 10, 'Male', 120.40, 126.90, 133.40, 140.00, 146.50, 153.00, 159.50, '2023-12-13 23:16:17', '2023-12-13 23:16:17'),
(772, 11, 'Male', 124.90, 131.70, 138.60, 145.50, 152.40, 159.30, 166.10, '2023-12-13 23:16:17', '2023-12-13 23:16:17'),
(773, 12, 'Male', 130.20, 137.40, 144.60, 151.90, 159.10, 166.30, 173.60, '2023-12-13 23:16:17', '2023-12-13 23:16:17'),
(774, 13, 'Male', 136.40, 144.00, 151.50, 159.10, 166.60, 174.20, 181.80, '2023-12-13 23:16:17', '2023-12-13 23:16:17'),
(775, 14, 'Male', 142.50, 150.30, 158.10, 165.80, 173.60, 181.30, 189.10, '2023-12-13 23:16:17', '2023-12-13 23:16:17'),
(776, 15, 'Male', 147.40, 155.20, 163.00, 170.80, 178.60, 186.40, 194.20, '2023-12-13 23:16:17', '2023-12-13 23:16:17'),
(777, 16, 'Male', 150.90, 158.60, 166.30, 174.00, 181.80, 189.50, 197.20, '2023-12-13 23:16:17', '2023-12-13 23:16:17'),
(778, 17, 'Male', 153.00, 160.50, 168.10, 175.70, 183.30, 190.80, 198.40, '2023-12-13 23:16:17', '2023-12-13 23:16:17'),
(779, 18, 'Male', 154.20, 161.60, 169.00, 176.40, 183.80, 191.10, 198.50, '2023-12-13 23:16:17', '2023-12-13 23:16:17'),
(780, 19, 'Male', 154.60, 161.90, 169.20, 176.50, 183.80, 191.10, 198.40, '2023-12-13 23:16:17', '2023-12-13 23:16:17'),
(781, 5, 'Female', 97.00, 101.90, 106.80, 111.70, 116.60, 121.50, 126.40, '2023-12-13 23:16:17', '2023-12-13 23:16:17'),
(782, 6, 'Female', 101.70, 107.00, 112.20, 117.50, 122.80, 128.00, 133.30, '2023-12-13 23:16:17', '2023-12-13 23:16:17'),
(783, 7, 'Female', 106.40, 112.00, 117.60, 123.20, 128.80, 134.40, 140.00, '2023-12-13 23:16:17', '2023-12-13 23:16:17'),
(784, 8, 'Female', 111.20, 117.10, 123.10, 129.00, 134.90, 140.90, 146.80, '2023-12-13 23:16:17', '2023-12-13 23:16:17'),
(785, 9, 'Female', 116.30, 122.60, 128.80, 135.00, 141.30, 147.50, 153.70, '2023-12-13 23:16:17', '2023-12-13 23:16:17'),
(786, 10, 'Female', 121.70, 128.20, 134.80, 141.30, 147.80, 154.30, 160.80, '2023-12-13 23:16:17', '2023-12-13 23:16:17'),
(787, 11, 'Female', 127.40, 134.20, 140.90, 147.70, 154.40, 161.10, 167.90, '2023-12-13 23:16:17', '2023-12-13 23:16:17'),
(788, 12, 'Female', 132.90, 139.80, 146.70, 153.60, 160.50, 167.40, 174.30, '2023-12-13 23:16:17', '2023-12-13 23:16:17'),
(789, 13, 'Female', 137.20, 144.10, 151.10, 158.00, 165.00, 171.90, 178.90, '2023-12-13 23:16:17', '2023-12-13 23:16:17'),
(790, 14, 'Female', 140.00, 146.90, 153.80, 160.70, 167.70, 174.60, 181.50, '2023-12-13 23:16:17', '2023-12-13 23:16:17'),
(791, 15, 'Female', 141.60, 148.40, 155.30, 162.10, 169.00, 175.80, 182.60, '2023-12-13 23:16:17', '2023-12-13 23:16:17'),
(792, 16, 'Female', 142.40, 149.20, 155.90, 162.70, 169.40, 176.20, 182.90, '2023-12-13 23:16:17', '2023-12-13 23:16:17'),
(793, 17, 'Female', 143.00, 149.60, 156.30, 162.90, 169.60, 176.30, 182.90, '2023-12-13 23:16:17', '2023-12-13 23:16:17'),
(794, 18, 'Female', 143.40, 150.00, 156.50, 163.10, 169.70, 176.30, 182.90, '2023-12-13 23:16:17', '2023-12-13 23:16:17'),
(795, 19, 'Female', 143.50, 150.10, 156.60, 163.20, 169.70, 176.20, 182.80, '2023-12-13 23:16:17', '2023-12-13 23:16:17'),
(796, 5, 'Male', 98.20, 103.00, 107.70, 112.40, 117.10, 121.80, 126.50, '2023-12-13 23:16:17', '2023-12-13 23:16:17'),
(797, 6, 'Male', 103.20, 108.20, 113.30, 118.40, 123.50, 128.50, 133.60, '2023-12-13 23:16:17', '2023-12-13 23:16:17'),
(798, 7, 'Male', 107.80, 113.20, 118.60, 124.10, 129.50, 134.90, 140.40, '2023-12-13 23:16:17', '2023-12-13 23:16:17'),
(799, 8, 'Male', 112.10, 117.90, 123.70, 129.50, 135.30, 141.10, 146.90, '2023-12-13 23:16:17', '2023-12-13 23:16:17'),
(800, 9, 'Male', 116.30, 122.40, 128.60, 134.70, 140.90, 147.10, 153.20, '2023-12-13 23:16:17', '2023-12-13 23:16:17'),
(801, 10, 'Male', 120.40, 126.90, 133.40, 140.00, 146.50, 153.00, 159.50, '2023-12-13 23:16:17', '2023-12-13 23:16:17'),
(802, 11, 'Male', 124.90, 131.70, 138.60, 145.50, 152.40, 159.30, 166.10, '2023-12-13 23:16:17', '2023-12-13 23:16:17'),
(803, 12, 'Male', 130.20, 137.40, 144.60, 151.90, 159.10, 166.30, 173.60, '2023-12-13 23:16:17', '2023-12-13 23:16:17'),
(804, 13, 'Male', 136.40, 144.00, 151.50, 159.10, 166.60, 174.20, 181.80, '2023-12-13 23:16:17', '2023-12-13 23:16:17'),
(805, 14, 'Male', 142.50, 150.30, 158.10, 165.80, 173.60, 181.30, 189.10, '2023-12-13 23:16:17', '2023-12-13 23:16:17'),
(806, 15, 'Male', 147.40, 155.20, 163.00, 170.80, 178.60, 186.40, 194.20, '2023-12-13 23:16:17', '2023-12-13 23:16:17'),
(807, 16, 'Male', 150.90, 158.60, 166.30, 174.00, 181.80, 189.50, 197.20, '2023-12-13 23:16:17', '2023-12-13 23:16:17'),
(808, 17, 'Male', 153.00, 160.50, 168.10, 175.70, 183.30, 190.80, 198.40, '2023-12-13 23:16:17', '2023-12-13 23:16:17'),
(809, 18, 'Male', 154.20, 161.60, 169.00, 176.40, 183.80, 191.10, 198.50, '2023-12-13 23:16:17', '2023-12-13 23:16:17'),
(810, 19, 'Male', 154.60, 161.90, 169.20, 176.50, 183.80, 191.10, 198.40, '2023-12-13 23:16:17', '2023-12-13 23:16:17'),
(811, 5, 'Female', 97.00, 101.90, 106.80, 111.70, 116.60, 121.50, 126.40, '2023-12-13 23:16:17', '2023-12-13 23:16:17'),
(812, 6, 'Female', 101.70, 107.00, 112.20, 117.50, 122.80, 128.00, 133.30, '2023-12-13 23:16:17', '2023-12-13 23:16:17'),
(813, 7, 'Female', 106.40, 112.00, 117.60, 123.20, 128.80, 134.40, 140.00, '2023-12-13 23:16:17', '2023-12-13 23:16:17'),
(814, 8, 'Female', 111.20, 117.10, 123.10, 129.00, 134.90, 140.90, 146.80, '2023-12-13 23:16:17', '2023-12-13 23:16:17'),
(815, 9, 'Female', 116.30, 122.60, 128.80, 135.00, 141.30, 147.50, 153.70, '2023-12-13 23:16:17', '2023-12-13 23:16:17'),
(816, 10, 'Female', 121.70, 128.20, 134.80, 141.30, 147.80, 154.30, 160.80, '2023-12-13 23:16:17', '2023-12-13 23:16:17'),
(817, 11, 'Female', 127.40, 134.20, 140.90, 147.70, 154.40, 161.10, 167.90, '2023-12-13 23:16:17', '2023-12-13 23:16:17'),
(818, 12, 'Female', 132.90, 139.80, 146.70, 153.60, 160.50, 167.40, 174.30, '2023-12-13 23:16:17', '2023-12-13 23:16:17'),
(819, 13, 'Female', 137.20, 144.10, 151.10, 158.00, 165.00, 171.90, 178.90, '2023-12-13 23:16:17', '2023-12-13 23:16:17'),
(820, 14, 'Female', 140.00, 146.90, 153.80, 160.70, 167.70, 174.60, 181.50, '2023-12-13 23:16:17', '2023-12-13 23:16:17'),
(821, 15, 'Female', 141.60, 148.40, 155.30, 162.10, 169.00, 175.80, 182.60, '2023-12-13 23:16:17', '2023-12-13 23:16:17'),
(822, 16, 'Female', 142.40, 149.20, 155.90, 162.70, 169.40, 176.20, 182.90, '2023-12-13 23:16:17', '2023-12-13 23:16:17'),
(823, 17, 'Female', 143.00, 149.60, 156.30, 162.90, 169.60, 176.30, 182.90, '2023-12-13 23:16:17', '2023-12-13 23:16:17'),
(824, 18, 'Female', 143.40, 150.00, 156.50, 163.10, 169.70, 176.30, 182.90, '2023-12-13 23:16:17', '2023-12-13 23:16:17'),
(825, 19, 'Female', 143.50, 150.10, 156.60, 163.20, 169.70, 176.20, 182.80, '2023-12-13 23:16:17', '2023-12-13 23:16:17'),
(826, 5, 'Male', 98.20, 103.00, 107.70, 112.40, 117.10, 121.80, 126.50, '2023-12-13 23:16:17', '2023-12-13 23:16:17'),
(827, 6, 'Male', 103.20, 108.20, 113.30, 118.40, 123.50, 128.50, 133.60, '2023-12-13 23:16:17', '2023-12-13 23:16:17'),
(828, 7, 'Male', 107.80, 113.20, 118.60, 124.10, 129.50, 134.90, 140.40, '2023-12-13 23:16:17', '2023-12-13 23:16:17'),
(829, 8, 'Male', 112.10, 117.90, 123.70, 129.50, 135.30, 141.10, 146.90, '2023-12-13 23:16:17', '2023-12-13 23:16:17'),
(830, 9, 'Male', 116.30, 122.40, 128.60, 134.70, 140.90, 147.10, 153.20, '2023-12-13 23:16:17', '2023-12-13 23:16:17'),
(831, 10, 'Male', 120.40, 126.90, 133.40, 140.00, 146.50, 153.00, 159.50, '2023-12-13 23:16:17', '2023-12-13 23:16:17'),
(832, 11, 'Male', 124.90, 131.70, 138.60, 145.50, 152.40, 159.30, 166.10, '2023-12-13 23:16:17', '2023-12-13 23:16:17'),
(833, 12, 'Male', 130.20, 137.40, 144.60, 151.90, 159.10, 166.30, 173.60, '2023-12-13 23:16:17', '2023-12-13 23:16:17');
INSERT INTO `hfa_standards` (`id`, `age`, `sex`, `negative_thirdSD`, `negative_secondSD`, `negative_firstSD`, `median`, `firstSD`, `secondSD`, `thirdSD`, `created_at`, `updated_at`) VALUES
(834, 13, 'Male', 136.40, 144.00, 151.50, 159.10, 166.60, 174.20, 181.80, '2023-12-13 23:16:17', '2023-12-13 23:16:17'),
(835, 14, 'Male', 142.50, 150.30, 158.10, 165.80, 173.60, 181.30, 189.10, '2023-12-13 23:16:17', '2023-12-13 23:16:17'),
(836, 15, 'Male', 147.40, 155.20, 163.00, 170.80, 178.60, 186.40, 194.20, '2023-12-13 23:16:17', '2023-12-13 23:16:17'),
(837, 16, 'Male', 150.90, 158.60, 166.30, 174.00, 181.80, 189.50, 197.20, '2023-12-13 23:16:17', '2023-12-13 23:16:17'),
(838, 17, 'Male', 153.00, 160.50, 168.10, 175.70, 183.30, 190.80, 198.40, '2023-12-13 23:16:17', '2023-12-13 23:16:17'),
(839, 18, 'Male', 154.20, 161.60, 169.00, 176.40, 183.80, 191.10, 198.50, '2023-12-13 23:16:17', '2023-12-13 23:16:17'),
(840, 19, 'Male', 154.60, 161.90, 169.20, 176.50, 183.80, 191.10, 198.40, '2023-12-13 23:16:17', '2023-12-13 23:16:17'),
(841, 5, 'Female', 97.00, 101.90, 106.80, 111.70, 116.60, 121.50, 126.40, '2023-12-13 23:16:17', '2023-12-13 23:16:17'),
(842, 6, 'Female', 101.70, 107.00, 112.20, 117.50, 122.80, 128.00, 133.30, '2023-12-13 23:16:17', '2023-12-13 23:16:17'),
(843, 7, 'Female', 106.40, 112.00, 117.60, 123.20, 128.80, 134.40, 140.00, '2023-12-13 23:16:17', '2023-12-13 23:16:17'),
(844, 8, 'Female', 111.20, 117.10, 123.10, 129.00, 134.90, 140.90, 146.80, '2023-12-13 23:16:17', '2023-12-13 23:16:17'),
(845, 9, 'Female', 116.30, 122.60, 128.80, 135.00, 141.30, 147.50, 153.70, '2023-12-13 23:16:17', '2023-12-13 23:16:17'),
(846, 10, 'Female', 121.70, 128.20, 134.80, 141.30, 147.80, 154.30, 160.80, '2023-12-13 23:16:17', '2023-12-13 23:16:17'),
(847, 11, 'Female', 127.40, 134.20, 140.90, 147.70, 154.40, 161.10, 167.90, '2023-12-13 23:16:17', '2023-12-13 23:16:17'),
(848, 12, 'Female', 132.90, 139.80, 146.70, 153.60, 160.50, 167.40, 174.30, '2023-12-13 23:16:17', '2023-12-13 23:16:17'),
(849, 13, 'Female', 137.20, 144.10, 151.10, 158.00, 165.00, 171.90, 178.90, '2023-12-13 23:16:17', '2023-12-13 23:16:17'),
(850, 14, 'Female', 140.00, 146.90, 153.80, 160.70, 167.70, 174.60, 181.50, '2023-12-13 23:16:17', '2023-12-13 23:16:17'),
(851, 15, 'Female', 141.60, 148.40, 155.30, 162.10, 169.00, 175.80, 182.60, '2023-12-13 23:16:17', '2023-12-13 23:16:17'),
(852, 16, 'Female', 142.40, 149.20, 155.90, 162.70, 169.40, 176.20, 182.90, '2023-12-13 23:16:17', '2023-12-13 23:16:17'),
(853, 17, 'Female', 143.00, 149.60, 156.30, 162.90, 169.60, 176.30, 182.90, '2023-12-13 23:16:17', '2023-12-13 23:16:17'),
(854, 18, 'Female', 143.40, 150.00, 156.50, 163.10, 169.70, 176.30, 182.90, '2023-12-13 23:16:17', '2023-12-13 23:16:17'),
(855, 19, 'Female', 143.50, 150.10, 156.60, 163.20, 169.70, 176.20, 182.80, '2023-12-13 23:16:17', '2023-12-13 23:16:17'),
(856, 5, 'Male', 98.20, 103.00, 107.70, 112.40, 117.10, 121.80, 126.50, '2023-12-13 23:16:17', '2023-12-13 23:16:17'),
(857, 6, 'Male', 103.20, 108.20, 113.30, 118.40, 123.50, 128.50, 133.60, '2023-12-13 23:16:17', '2023-12-13 23:16:17'),
(858, 7, 'Male', 107.80, 113.20, 118.60, 124.10, 129.50, 134.90, 140.40, '2023-12-13 23:16:17', '2023-12-13 23:16:17'),
(859, 8, 'Male', 112.10, 117.90, 123.70, 129.50, 135.30, 141.10, 146.90, '2023-12-13 23:16:17', '2023-12-13 23:16:17'),
(860, 9, 'Male', 116.30, 122.40, 128.60, 134.70, 140.90, 147.10, 153.20, '2023-12-13 23:16:17', '2023-12-13 23:16:17'),
(861, 10, 'Male', 120.40, 126.90, 133.40, 140.00, 146.50, 153.00, 159.50, '2023-12-13 23:16:17', '2023-12-13 23:16:17'),
(862, 11, 'Male', 124.90, 131.70, 138.60, 145.50, 152.40, 159.30, 166.10, '2023-12-13 23:16:17', '2023-12-13 23:16:17'),
(863, 12, 'Male', 130.20, 137.40, 144.60, 151.90, 159.10, 166.30, 173.60, '2023-12-13 23:16:17', '2023-12-13 23:16:17'),
(864, 13, 'Male', 136.40, 144.00, 151.50, 159.10, 166.60, 174.20, 181.80, '2023-12-13 23:16:17', '2023-12-13 23:16:17'),
(865, 14, 'Male', 142.50, 150.30, 158.10, 165.80, 173.60, 181.30, 189.10, '2023-12-13 23:16:17', '2023-12-13 23:16:17'),
(866, 15, 'Male', 147.40, 155.20, 163.00, 170.80, 178.60, 186.40, 194.20, '2023-12-13 23:16:17', '2023-12-13 23:16:17'),
(867, 16, 'Male', 150.90, 158.60, 166.30, 174.00, 181.80, 189.50, 197.20, '2023-12-13 23:16:17', '2023-12-13 23:16:17'),
(868, 17, 'Male', 153.00, 160.50, 168.10, 175.70, 183.30, 190.80, 198.40, '2023-12-13 23:16:17', '2023-12-13 23:16:17'),
(869, 18, 'Male', 154.20, 161.60, 169.00, 176.40, 183.80, 191.10, 198.50, '2023-12-13 23:16:17', '2023-12-13 23:16:17'),
(870, 19, 'Male', 154.60, 161.90, 169.20, 176.50, 183.80, 191.10, 198.40, '2023-12-13 23:16:17', '2023-12-13 23:16:17'),
(871, 5, 'Female', 97.00, 101.90, 106.80, 111.70, 116.60, 121.50, 126.40, '2023-12-13 23:16:17', '2023-12-13 23:16:17'),
(872, 6, 'Female', 101.70, 107.00, 112.20, 117.50, 122.80, 128.00, 133.30, '2023-12-13 23:16:17', '2023-12-13 23:16:17'),
(873, 7, 'Female', 106.40, 112.00, 117.60, 123.20, 128.80, 134.40, 140.00, '2023-12-13 23:16:17', '2023-12-13 23:16:17'),
(874, 8, 'Female', 111.20, 117.10, 123.10, 129.00, 134.90, 140.90, 146.80, '2023-12-13 23:16:17', '2023-12-13 23:16:17'),
(875, 9, 'Female', 116.30, 122.60, 128.80, 135.00, 141.30, 147.50, 153.70, '2023-12-13 23:16:17', '2023-12-13 23:16:17'),
(876, 10, 'Female', 121.70, 128.20, 134.80, 141.30, 147.80, 154.30, 160.80, '2023-12-13 23:16:17', '2023-12-13 23:16:17'),
(877, 11, 'Female', 127.40, 134.20, 140.90, 147.70, 154.40, 161.10, 167.90, '2023-12-13 23:16:17', '2023-12-13 23:16:17'),
(878, 12, 'Female', 132.90, 139.80, 146.70, 153.60, 160.50, 167.40, 174.30, '2023-12-13 23:16:17', '2023-12-13 23:16:17'),
(879, 13, 'Female', 137.20, 144.10, 151.10, 158.00, 165.00, 171.90, 178.90, '2023-12-13 23:16:17', '2023-12-13 23:16:17'),
(880, 14, 'Female', 140.00, 146.90, 153.80, 160.70, 167.70, 174.60, 181.50, '2023-12-13 23:16:17', '2023-12-13 23:16:17'),
(881, 15, 'Female', 141.60, 148.40, 155.30, 162.10, 169.00, 175.80, 182.60, '2023-12-13 23:16:17', '2023-12-13 23:16:17'),
(882, 16, 'Female', 142.40, 149.20, 155.90, 162.70, 169.40, 176.20, 182.90, '2023-12-13 23:16:17', '2023-12-13 23:16:17'),
(883, 17, 'Female', 143.00, 149.60, 156.30, 162.90, 169.60, 176.30, 182.90, '2023-12-13 23:16:17', '2023-12-13 23:16:17'),
(884, 18, 'Female', 143.40, 150.00, 156.50, 163.10, 169.70, 176.30, 182.90, '2023-12-13 23:16:17', '2023-12-13 23:16:17'),
(885, 19, 'Female', 143.50, 150.10, 156.60, 163.20, 169.70, 176.20, 182.80, '2023-12-13 23:16:17', '2023-12-13 23:16:17'),
(886, 5, 'Male', 98.20, 103.00, 107.70, 112.40, 117.10, 121.80, 126.50, '2023-12-13 23:16:17', '2023-12-13 23:16:17'),
(887, 6, 'Male', 103.20, 108.20, 113.30, 118.40, 123.50, 128.50, 133.60, '2023-12-13 23:16:17', '2023-12-13 23:16:17'),
(888, 7, 'Male', 107.80, 113.20, 118.60, 124.10, 129.50, 134.90, 140.40, '2023-12-13 23:16:17', '2023-12-13 23:16:17'),
(889, 8, 'Male', 112.10, 117.90, 123.70, 129.50, 135.30, 141.10, 146.90, '2023-12-13 23:16:17', '2023-12-13 23:16:17'),
(890, 9, 'Male', 116.30, 122.40, 128.60, 134.70, 140.90, 147.10, 153.20, '2023-12-13 23:16:17', '2023-12-13 23:16:17'),
(891, 10, 'Male', 120.40, 126.90, 133.40, 140.00, 146.50, 153.00, 159.50, '2023-12-13 23:16:17', '2023-12-13 23:16:17'),
(892, 11, 'Male', 124.90, 131.70, 138.60, 145.50, 152.40, 159.30, 166.10, '2023-12-13 23:16:17', '2023-12-13 23:16:17'),
(893, 12, 'Male', 130.20, 137.40, 144.60, 151.90, 159.10, 166.30, 173.60, '2023-12-13 23:16:17', '2023-12-13 23:16:17'),
(894, 13, 'Male', 136.40, 144.00, 151.50, 159.10, 166.60, 174.20, 181.80, '2023-12-13 23:16:17', '2023-12-13 23:16:17'),
(895, 14, 'Male', 142.50, 150.30, 158.10, 165.80, 173.60, 181.30, 189.10, '2023-12-13 23:16:17', '2023-12-13 23:16:17'),
(896, 15, 'Male', 147.40, 155.20, 163.00, 170.80, 178.60, 186.40, 194.20, '2023-12-13 23:16:17', '2023-12-13 23:16:17'),
(897, 16, 'Male', 150.90, 158.60, 166.30, 174.00, 181.80, 189.50, 197.20, '2023-12-13 23:16:17', '2023-12-13 23:16:17'),
(898, 17, 'Male', 153.00, 160.50, 168.10, 175.70, 183.30, 190.80, 198.40, '2023-12-13 23:16:17', '2023-12-13 23:16:17'),
(899, 18, 'Male', 154.20, 161.60, 169.00, 176.40, 183.80, 191.10, 198.50, '2023-12-13 23:16:17', '2023-12-13 23:16:17'),
(900, 19, 'Male', 154.60, 161.90, 169.20, 176.50, 183.80, 191.10, 198.40, '2023-12-13 23:16:17', '2023-12-13 23:16:17');

-- --------------------------------------------------------

--
-- Table structure for table `masterlists`
--

CREATE TABLE `masterlists` (
  `id` bigint(20) UNSIGNED NOT NULL,
  `class_id` bigint(20) UNSIGNED NOT NULL,
  `pupil_id` bigint(20) UNSIGNED NOT NULL,
  `promoted` enum('Yes','No') DEFAULT 'No',
  `transferred` enum('Yes','No') DEFAULT 'No',
  `repeated` enum('Yes','No') DEFAULT 'No',
  `dropped` enum('Yes','No') DEFAULT 'No',
  `created_at` timestamp NULL DEFAULT NULL,
  `updated_at` timestamp NULL DEFAULT NULL,
  `classadviser_id` bigint(20) UNSIGNED DEFAULT NULL,
  `schoolyear_id` bigint(20) UNSIGNED DEFAULT NULL
) ENGINE=InnoDB DEFAULT CHARSET=utf8mb4 COLLATE=utf8mb4_unicode_ci;

--
-- Dumping data for table `masterlists`
--

INSERT INTO `masterlists` (`id`, `class_id`, `pupil_id`, `promoted`, `transferred`, `repeated`, `dropped`, `created_at`, `updated_at`, `classadviser_id`, `schoolyear_id`) VALUES
(21, 11, 96, 'Yes', 'No', 'No', 'No', '2024-01-17 15:54:36', '2024-01-17 15:54:36', NULL, NULL),
(22, 11, 97, 'Yes', 'No', 'No', 'No', '2024-01-17 15:54:36', '2024-01-17 15:54:36', NULL, NULL),
(26, 14, 96, 'Yes', 'No', 'No', 'No', '2024-01-22 01:55:50', '2024-01-22 01:55:50', NULL, NULL),
(27, 14, 100, 'Yes', 'No', 'No', 'No', '2024-02-15 08:09:50', '2024-02-15 08:09:50', NULL, NULL),
(28, 15, 96, 'Yes', 'No', 'No', 'No', '2024-02-18 09:35:57', '2024-02-18 09:35:57', NULL, NULL);

-- --------------------------------------------------------

--
-- Table structure for table `migrations`
--

CREATE TABLE `migrations` (
  `id` int(10) UNSIGNED NOT NULL,
  `migration` varchar(255) NOT NULL,
  `batch` int(11) NOT NULL
) ENGINE=InnoDB DEFAULT CHARSET=utf8mb4 COLLATE=utf8mb4_unicode_ci;

--
-- Dumping data for table `migrations`
--

INSERT INTO `migrations` (`id`, `migration`, `batch`) VALUES
(343, '2014_10_12_000000_create_users_table', 1),
(344, '2014_10_12_100000_create_password_reset_tokens_table', 1),
(345, '2019_08_19_000000_create_failed_jobs_table', 1),
(346, '2019_12_14_000001_create_personal_access_tokens_table', 1),
(347, '2023_10_22_184054_districts_table', 1),
(348, '2023_10_22_184112_schools_table', 1),
(349, '2023_10_29_234349_admin_logs', 1),
(350, '2023_10_30_214016_school_year', 1),
(351, '2023_11_01_121943_class', 1),
(352, '2023_11_03_121438_pupil', 1),
(353, '2023_11_23_030735_user_logs', 1),
(354, '2023_11_23_193254_masterlists', 1),
(355, '2023_12_01_003423_hfa_standards', 1),
(356, '2023_12_13_180323_sections', 1),
(357, '2023_12_13_180443_cnsr_list', 1),
(358, '2023_12_13_180517_nsr_list', 1),
(359, '2023_12_13_180626_pupil_nutritional_assessments', 1),
(360, '2023_12_13_180700_referrals', 1),
(362, '2023_12_28_214722_beneficiaries', 2),
(363, '2024_01_03_145107_district_cnsr_list', 3);

-- --------------------------------------------------------

--
-- Table structure for table `nsr_list`
--

CREATE TABLE `nsr_list` (
  `id` bigint(20) UNSIGNED NOT NULL,
  `cnsr_id` bigint(20) UNSIGNED DEFAULT NULL,
  `nsr_code` varchar(255) DEFAULT NULL,
  `section_id` bigint(20) UNSIGNED NOT NULL,
  `class_adviser_id` bigint(20) UNSIGNED NOT NULL,
  `schoolyear_id` bigint(20) UNSIGNED NOT NULL,
  `grade_level` varchar(255) DEFAULT NULL,
  `school_id` bigint(20) UNSIGNED DEFAULT NULL,
  `no_of_pupils` int(11) DEFAULT NULL,
  `no_of_male_pupils` int(11) DEFAULT NULL,
  `no_of_female_pupils` int(11) DEFAULT NULL,
  `no_of_severely_stunted` int(11) DEFAULT NULL,
  `no_of_male_severely_stunted` int(11) DEFAULT NULL,
  `no_of_female_severely_stunted` int(11) DEFAULT NULL,
  `no_of_stunted` int(11) DEFAULT NULL,
  `no_of_male_stunted` int(11) DEFAULT NULL,
  `no_of_female_stunted` int(11) DEFAULT NULL,
  `no_of_height_normal` int(11) DEFAULT NULL,
  `no_of_male_height_normal` int(11) DEFAULT NULL,
  `no_of_female_height_normal` int(11) DEFAULT NULL,
  `no_of_tall` int(11) DEFAULT NULL,
  `no_of_male_tall` int(11) DEFAULT NULL,
  `no_of_female_tall` int(11) DEFAULT NULL,
  `no_of_stunted_pupils` int(11) DEFAULT NULL,
  `no_of_male_stunted_pupils` int(11) DEFAULT NULL,
  `no_of_female_stunted_pupils` int(11) DEFAULT NULL,
  `no_of_severely_wasted` int(11) DEFAULT NULL,
  `no_of_male_severely_wasted` int(11) DEFAULT NULL,
  `no_of_female_severely_wasted` int(11) DEFAULT NULL,
  `no_of_wasted` int(11) DEFAULT NULL,
  `no_of_male_wasted` int(11) DEFAULT NULL,
  `no_of_female_wasted` int(11) DEFAULT NULL,
  `no_of_weight_normal` int(11) DEFAULT NULL,
  `no_of_male_weight_normal` int(11) DEFAULT NULL,
  `no_of_female_weight_normal` int(11) DEFAULT NULL,
  `no_of_overweight` int(11) DEFAULT NULL,
  `no_of_male_overweight` int(11) DEFAULT NULL,
  `no_of_female_overweight` int(11) DEFAULT NULL,
  `no_of_obese` int(11) DEFAULT NULL,
  `no_of_male_obese` int(11) DEFAULT NULL,
  `no_of_female_obese` int(11) DEFAULT NULL,
  `no_of_malnourished_pupils` int(11) DEFAULT NULL,
  `no_of_male_malnourished_pupils` int(11) DEFAULT NULL,
  `no_of_female_malnourished_pupils` int(11) DEFAULT NULL,
  `is_approved` enum('0','1') NOT NULL,
  `approved_date` date DEFAULT NULL,
  `version` enum('Baseline','Endline') DEFAULT NULL,
  `is_deleted` enum('0','1') NOT NULL,
  `created_at` timestamp NULL DEFAULT NULL,
  `updated_at` timestamp NULL DEFAULT NULL
) ENGINE=InnoDB DEFAULT CHARSET=utf8mb4 COLLATE=utf8mb4_unicode_ci;

--
-- Dumping data for table `nsr_list`
--

INSERT INTO `nsr_list` (`id`, `cnsr_id`, `nsr_code`, `section_id`, `class_adviser_id`, `schoolyear_id`, `grade_level`, `school_id`, `no_of_pupils`, `no_of_male_pupils`, `no_of_female_pupils`, `no_of_severely_stunted`, `no_of_male_severely_stunted`, `no_of_female_severely_stunted`, `no_of_stunted`, `no_of_male_stunted`, `no_of_female_stunted`, `no_of_height_normal`, `no_of_male_height_normal`, `no_of_female_height_normal`, `no_of_tall`, `no_of_male_tall`, `no_of_female_tall`, `no_of_stunted_pupils`, `no_of_male_stunted_pupils`, `no_of_female_stunted_pupils`, `no_of_severely_wasted`, `no_of_male_severely_wasted`, `no_of_female_severely_wasted`, `no_of_wasted`, `no_of_male_wasted`, `no_of_female_wasted`, `no_of_weight_normal`, `no_of_male_weight_normal`, `no_of_female_weight_normal`, `no_of_overweight`, `no_of_male_overweight`, `no_of_female_overweight`, `no_of_obese`, `no_of_male_obese`, `no_of_female_obese`, `no_of_malnourished_pupils`, `no_of_male_malnourished_pupils`, `no_of_female_malnourished_pupils`, `is_approved`, `approved_date`, `version`, `is_deleted`, `created_at`, `updated_at`) VALUES
(2, NULL, '282-17-11', 11, 282, 17, 'Kinder', 11, 2, 2, 0, 0, 0, 0, 0, 0, 0, 2, 2, 0, 0, 0, 0, 0, 0, 0, 0, 0, 0, 1, 1, 0, 1, 1, 0, 0, 0, 0, 0, 0, 0, 1, 1, 0, '1', '2024-02-18', NULL, '0', '2024-01-17 17:30:49', '2024-02-18 10:05:48'),
(5, 5, '48-18-14', 14, 48, 18, '1', 11, 1, 1, 0, 0, 0, 0, 0, 0, 0, 1, 1, 0, 0, 0, 0, 0, 0, 0, 0, 0, 0, 0, 0, 0, 1, 1, 0, 0, 0, 0, 0, 0, 0, 0, 0, 0, '0', NULL, 'Endline', '0', '2024-01-28 00:06:00', '2024-02-03 22:48:02'),
(6, 6, '48-19-15', 15, 48, 19, '2', 11, 1, 1, 0, 0, 0, 0, 0, 0, 0, 1, 1, 0, 0, 0, 0, 0, 0, 0, 0, 0, 0, 0, 0, 0, 0, 0, 0, 1, 1, 0, 0, 0, 0, 0, 0, 0, '0', NULL, 'Endline', '0', '2024-02-18 10:05:29', '2024-02-18 10:05:48');

-- --------------------------------------------------------

--
-- Table structure for table `pupil`
--

CREATE TABLE `pupil` (
  `id` bigint(20) UNSIGNED NOT NULL,
  `lrn` varchar(255) NOT NULL,
  `last_name` varchar(255) NOT NULL,
  `first_name` varchar(255) NOT NULL,
  `middle_name` varchar(255) DEFAULT NULL,
  `suffix` varchar(255) DEFAULT NULL,
  `date_of_birth` date NOT NULL,
  `gender` enum('Male','Female') NOT NULL,
  `barangay` varchar(255) DEFAULT NULL,
  `municipality` varchar(255) DEFAULT NULL,
  `province` varchar(255) DEFAULT NULL,
  `pupil_guardian_name` varchar(255) DEFAULT NULL,
  `pupil_guardian_contact_no` varchar(11) DEFAULT NULL,
  `profile_photo` varchar(255) DEFAULT NULL,
  `added_by` bigint(20) UNSIGNED NOT NULL,
  `is_deleted` enum('0','1') NOT NULL DEFAULT '0',
  `created_at` timestamp NULL DEFAULT NULL,
  `updated_at` timestamp NULL DEFAULT NULL
) ENGINE=InnoDB DEFAULT CHARSET=utf8mb4 COLLATE=utf8mb4_unicode_ci;

--
-- Dumping data for table `pupil`
--

INSERT INTO `pupil` (`id`, `lrn`, `last_name`, `first_name`, `middle_name`, `suffix`, `date_of_birth`, `gender`, `barangay`, `municipality`, `province`, `pupil_guardian_name`, `pupil_guardian_contact_no`, `profile_photo`, `added_by`, `is_deleted`, `created_at`, `updated_at`) VALUES
(96, '111867070055', 'Vista', 'Ivan Miles', 'Mirandilla', NULL, '2018-06-14', 'Male', NULL, NULL, NULL, NULL, NULL, NULL, 1, '0', '2024-01-16 17:00:39', '2024-01-16 17:00:39'),
(97, '111867070056', 'De La Cruz', 'Juan', 'Reyes', 'Jr.', '2018-06-01', 'Male', NULL, NULL, NULL, NULL, NULL, NULL, 1, '0', '2024-01-16 17:00:39', '2024-01-16 17:00:39'),
(100, '111867070058', 'Montenegro', 'Anna', 'Bustamante', NULL, '2019-05-29', 'Female', NULL, NULL, NULL, NULL, NULL, NULL, 1, '0', '2024-02-09 13:52:18', '2024-02-09 13:52:18');

-- --------------------------------------------------------

--
-- Table structure for table `pupil_nutritional_assessments`
--

CREATE TABLE `pupil_nutritional_assessments` (
  `id` bigint(20) UNSIGNED NOT NULL,
  `pna_code` varchar(50) NOT NULL,
  `nsr_id` bigint(20) UNSIGNED DEFAULT NULL,
  `pupil_id` bigint(20) UNSIGNED NOT NULL,
  `class_id` bigint(20) UNSIGNED NOT NULL,
  `height` decimal(5,2) NOT NULL,
  `weight` decimal(6,2) NOT NULL,
  `bmi` enum('Severely Wasted','Wasted','Normal','Overweight','Obese') DEFAULT NULL,
  `hfa` enum('Severely Stunted','Stunted','Normal','Tall') DEFAULT NULL,
  `is_dewormed` enum('0','1') NOT NULL,
  `is_permitted_deworming` enum('0','1') DEFAULT NULL,
  `explanation` varchar(255) DEFAULT NULL,
  `dietary_restriction` varchar(255) DEFAULT NULL,
  `month` tinyint(3) UNSIGNED DEFAULT NULL,
  `is_deleted` enum('0','1') NOT NULL,
  `created_at` timestamp NULL DEFAULT NULL,
  `updated_at` timestamp NULL DEFAULT NULL,
  `class_adviser_id` bigint(20) UNSIGNED NOT NULL,
  `schoolyear_id` bigint(20) UNSIGNED NOT NULL
) ENGINE=InnoDB DEFAULT CHARSET=utf8mb4 COLLATE=utf8mb4_unicode_ci;

--
-- Dumping data for table `pupil_nutritional_assessments`
--

INSERT INTO `pupil_nutritional_assessments` (`id`, `pna_code`, `nsr_id`, `pupil_id`, `class_id`, `height`, `weight`, `bmi`, `hfa`, `is_dewormed`, `is_permitted_deworming`, `explanation`, `dietary_restriction`, `month`, `is_deleted`, `created_at`, `updated_at`, `class_adviser_id`, `schoolyear_id`) VALUES
(18, '282-11-K-111867070056', 2, 97, 11, 1.11, 24.00, 'Normal', 'Normal', '0', NULL, NULL, NULL, 1, '0', NULL, '2024-01-17 17:37:15', 282, 17),
(19, '282-11-K-111867070055', 2, 96, 11, 1.19, 24.00, 'Wasted', 'Normal', '0', NULL, NULL, NULL, 1, '0', '2024-01-17 17:30:19', '2024-01-17 17:37:15', 282, 17),
(21, '48-11-1-111867070055', 5, 96, 14, 1.21, 28.00, 'Normal', 'Normal', '1', '1', NULL, 'allergic to seafoods', 1, '0', '2024-01-28 12:40:08', '2024-01-28 15:59:01', 48, 18),
(22, '48-11-2-111867070055', 6, 96, 15, 1.32, 42.00, 'Overweight', 'Normal', '0', NULL, 'Nothing so far', NULL, 2, '0', NULL, '2024-02-18 10:05:29', 48, 19);

-- --------------------------------------------------------

--
-- Table structure for table `referrals`
--

CREATE TABLE `referrals` (
  `id` bigint(20) UNSIGNED NOT NULL,
  `pupil_id` bigint(20) UNSIGNED NOT NULL,
  `classadviser_id` bigint(20) UNSIGNED NOT NULL,
  `class_id` bigint(20) UNSIGNED NOT NULL,
  `schoolyear_id` bigint(20) UNSIGNED NOT NULL,
  `school_nurse_id` bigint(20) UNSIGNED NOT NULL,
  `program` enum('Feeding Program','Deworming','Immunization Vax','Mental Healthcare','Dental Care') DEFAULT NULL,
  `explanation` varchar(255) DEFAULT NULL,
  `is_deleted` enum('0','1') NOT NULL,
  `created_at` timestamp NULL DEFAULT NULL,
  `updated_at` timestamp NULL DEFAULT NULL
) ENGINE=InnoDB DEFAULT CHARSET=utf8mb4 COLLATE=utf8mb4_unicode_ci;

-- --------------------------------------------------------

--
-- Table structure for table `schools_table`
--

CREATE TABLE `schools_table` (
  `id` bigint(20) UNSIGNED NOT NULL,
  `school_id` int(11) NOT NULL,
  `school` varchar(50) NOT NULL,
  `school_nurse_id` bigint(20) UNSIGNED NOT NULL,
  `address_barangay` varchar(255) DEFAULT NULL,
  `district_id` bigint(20) UNSIGNED NOT NULL,
  `is_deleted` enum('0','1') NOT NULL DEFAULT '0',
  `created_at` timestamp NULL DEFAULT NULL,
  `updated_at` timestamp NULL DEFAULT NULL
) ENGINE=InnoDB DEFAULT CHARSET=utf8mb4 COLLATE=utf8mb4_unicode_ci;

--
-- Dumping data for table `schools_table`
--

INSERT INTO `schools_table` (`id`, `school_id`, `school`, `school_nurse_id`, `address_barangay`, `district_id`, `is_deleted`, `created_at`, `updated_at`) VALUES
(11, 111667, 'Daraga North Central School', 37, '30 Rosario', 8, '0', '2023-12-13 23:16:15', '2023-12-13 23:16:15'),
(22, 111668, 'Binitayan Elementary School', 32, NULL, 8, '0', '2024-01-13 16:10:10', '2024-01-13 16:10:10'),
(24, 111669, 'Kilicao Elementary School', 40, 'Kilicao', 8, '0', '2024-01-16 17:26:00', '2024-01-16 17:26:00');

-- --------------------------------------------------------

--
-- Table structure for table `school_year`
--

CREATE TABLE `school_year` (
  `id` bigint(20) UNSIGNED NOT NULL,
  `school_year` varchar(255) NOT NULL,
  `phase` enum('Baseline','Endline') DEFAULT NULL,
  `status` enum('Unset','Active','Complete') NOT NULL,
  `is_deleted` enum('0','1') NOT NULL DEFAULT '0',
  `created_at` timestamp NULL DEFAULT NULL,
  `updated_at` timestamp NULL DEFAULT NULL
) ENGINE=InnoDB DEFAULT CHARSET=utf8mb4 COLLATE=utf8mb4_unicode_ci;

--
-- Dumping data for table `school_year`
--

INSERT INTO `school_year` (`id`, `school_year`, `phase`, `status`, `is_deleted`, `created_at`, `updated_at`) VALUES
(17, '2015-2016', NULL, 'Complete', '0', '2024-01-16 17:31:02', '2024-01-22 01:51:43'),
(18, '2016-2017', NULL, 'Unset', '0', '2024-01-21 10:38:51', '2024-02-18 09:30:54'),
(19, '2017-2018', NULL, 'Active', '0', '2024-02-18 09:30:43', '2024-02-18 09:31:00');

-- --------------------------------------------------------

--
-- Table structure for table `sections`
--

CREATE TABLE `sections` (
  `id` bigint(20) UNSIGNED NOT NULL,
  `section_code` varchar(255) NOT NULL,
  `section_name` varchar(255) NOT NULL,
  `grade_level` enum('Kinder','1','2','3','4','5','6','SPED') NOT NULL,
  `school_id` bigint(20) UNSIGNED NOT NULL,
  `is_deleted` enum('0','1') NOT NULL,
  `created_at` timestamp NULL DEFAULT NULL,
  `updated_at` timestamp NULL DEFAULT NULL
) ENGINE=InnoDB DEFAULT CHARSET=utf8mb4 COLLATE=utf8mb4_unicode_ci;

--
-- Dumping data for table `sections`
--

INSERT INTO `sections` (`id`, `section_code`, `section_name`, `grade_level`, `school_id`, `is_deleted`, `created_at`, `updated_at`) VALUES
(8, '11-Kinder-Bonifacio', 'Bonifacio', 'Kinder', 11, '0', '2024-01-16 22:54:53', '2024-01-16 22:54:53'),
(9, '11-1-Mangga', 'Mangga', '1', 11, '0', '2024-01-17 10:06:59', '2024-01-17 10:06:59'),
(10, '11-2-Melon', 'Melon', '2', 11, '0', '2024-02-18 09:29:13', '2024-02-18 09:29:13');

-- --------------------------------------------------------

--
-- Table structure for table `users`
--

CREATE TABLE `users` (
  `id` bigint(20) UNSIGNED NOT NULL,
  `name` varchar(255) NOT NULL,
  `unique_id` varchar(255) NOT NULL,
  `email` varchar(255) NOT NULL,
  `phone_number` varchar(255) DEFAULT NULL,
  `email_verified_at` timestamp NULL DEFAULT NULL,
  `password` varchar(255) NOT NULL,
  `remember_token` varchar(100) DEFAULT NULL,
  `user_type` enum('1','2','3','4') NOT NULL DEFAULT '4',
  `is_deleted` enum('0','1') NOT NULL DEFAULT '0',
  `created_at` timestamp NULL DEFAULT NULL,
  `updated_at` timestamp NULL DEFAULT NULL
) ENGINE=InnoDB DEFAULT CHARSET=utf8mb4 COLLATE=utf8mb4_unicode_ci;

--
-- Dumping data for table `users`
--

INSERT INTO `users` (`id`, `name`, `unique_id`, `email`, `phone_number`, `email_verified_at`, `password`, `remember_token`, `user_type`, `is_deleted`, `created_at`, `updated_at`) VALUES
(1, 'Admin', 'A1-1110001', 'admin@gmail.com', NULL, NULL, '$2y$10$X0fZj3MaRxBnEv8TFFw9xuVIfZyZQpez7abwMgtbmKzgABuAzNyaG', 'C44ufAiJr4s2L7DhJLp5mvdll2e1ZlTElRm1zwBggatFA5kSl4JubeHYuQjR', '1', '0', '2023-12-13 23:15:52', '2023-12-13 23:15:52'),
(9, 'Daraga North Medical Officer', 'M2-1110009', 'daraga.north-medicalofficer@gmail.com', NULL, NULL, '$2y$10$YsVaA9MLFtG5QXbI1VfnFuB7cj1fNbaWyg1n6g.P7HDza/RR5LL72', 'QxFj9lGAvkZhj6b42bGJun3nT0PzpPDrHZ6JiYDBCgQkwXQ6LzBKILVt80Wu', '2', '0', '2023-12-13 23:15:52', '2023-12-13 23:15:52'),
(32, 'Binitayan ES School Nurse', 'S3-1110032', 'binitayan.es-schoolnurse@gmail.com', NULL, NULL, '$2y$10$tG6lWrFO7EM2vspc69wgae5YveMrjfAkSZrcMQkXQ4SyG2HrzwjZ6', NULL, '3', '0', '2023-12-13 23:15:54', '2023-12-13 23:15:54'),
(37, 'Daraga North School Nurse', 'S3-1110037', 'daraga.north-schoolnurse@gmail.com', NULL, NULL, '$2y$10$qoNhNzEPyAnNrhaxRkHTWeiqPSaItf9vRcBl8uddYuBVGSM2wuSYW', 'V2xAahQXzar6Q7cpgggExsQIwZL2aS1V7rs4x551xnlF28anqkjBVr14rVbc', '3', '0', '2023-12-13 23:15:55', '2023-12-13 23:15:55'),
(40, 'Kilicao ES School Nurse', 'S3-1110040', 'kilicao.es-schoolnurse@gmail.com', NULL, NULL, '$2y$10$VZtyoqL8TJFQFBJaz8u2gOf1wdueNJ3xI2Ay4UU8vyc35YySKKNIG', NULL, '3', '0', '2023-12-13 23:15:55', '2023-12-13 23:15:55'),
(48, 'Class Adviser', 'C4-9999999', 'classadviser@gmail.com', NULL, NULL, '$2y$10$BpMgh3zC/t4hNEYQ/J5CBuOy52aVQD9wC8sQp77eh8XuD.9VAsqHy', 'HXWLN7e53LHSh0WEun8N0fZGmdbseGPeKuhuxUAy35X4x30UzgXwSMvRzvDS', '4', '0', '2023-12-13 23:15:56', '2023-12-13 23:15:56'),
(49, 'DaragaNorthCS CA K1', 'C4-1110000', 'daraganorthcscak1@gmail.com', NULL, NULL, '$2y$10$kP31nlUrdmJ7AbEkHhUoxOhyRepdz70Bjq.Dg5DXB/dJmjMcQgXua', 'upxdHwRfZ48oVzrSbjKjb3Nc4iN5FuxKNWh56v1MKc3oKRtPkUt0ox1XLWyJ', '4', '0', '2023-12-13 23:15:56', '2023-12-13 23:15:56'),
(274, 'Medical Officer', 'M2-9999999', 'medicalofficer@gmail.com', NULL, NULL, '$2y$10$wOXZxo4xs1xqDobjINf9weZfUKndlJwv0b5k3jaCdSJbsXAS5jhGG', NULL, '2', '0', '2023-12-13 23:16:15', '2023-12-13 23:16:15'),
(275, 'School Nurse', 'S3-9999999', 'schoolnurse@gmail.com', NULL, NULL, '$2y$10$fVb7MsvASXbZm6MnWay6JO3xLsa2M8ssNCVzRJP/uWF1Ndxsaqx0W', '3Xj9qzEzusBv2BSeQFYKjw4LH7urTLqLn8CcuSnxDiVELzDNpTtUmgZ1jBtT', '3', '0', '2023-12-13 23:16:15', '2023-12-13 23:16:15'),
(281, 'Alcala', 'CA-65a6066cb6c52', 'alcala.elementary-schoolnurse@gmail.com', NULL, NULL, '$2y$10$/ZMbTUl3TvJYbH/d/a5lmOCMG4VUetTtwyDFiQSgn7w6mTr0n3lkC', 'N70AKPnIsEUFBpbr0jWu4Wmm8y3gvxenSuJJvpNWSZ7aLI3C4Tt8iWLPI2Bh', '4', '0', '2024-01-16 04:30:36', '2024-01-16 04:30:36'),
(282, 'Ivan Miles Vista', 'CA-65a6066cca3ac', 'ivanmilesmvista@gmail.com', NULL, NULL, '$2y$10$.l4x9bqM2jOZWqtVLYytvuMoS9mV44PjsagZNjJUcGumpTHjdaB6m', 'Del9mOLeImqoDPAN92Ckf2iHaMYQiqq0AUp3BEOulUgbZNBA7qRmuM707m4w', '4', '0', '2024-01-16 04:30:36', '2024-01-16 04:30:36'),
(283, 'DNCS CA KD', 'CA-65d1cda6842da', 'dncs-ca-kd@gmail.com', NULL, NULL, '$2y$10$v2dNiEdsYoDFi/31YDRP9u8JdRf6dpPckgGejQ9KdjmGhXpjxJlPK', NULL, '4', '0', '2024-02-18 09:28:06', '2024-02-18 09:28:06'),
(284, 'DNCS CA G1', 'CA-65d1cda69a8f6', 'dncs-ca-g1@gmail.com', NULL, NULL, '$2y$10$gvk833xw58H1TAgBMrLcD.S8L7QZxOnCRRpMtxBemfbhaRW0.l1Ua', NULL, '4', '0', '2024-02-18 09:28:06', '2024-02-18 09:28:06'),
(285, 'DNCS CA G2', 'CA-65d1cda6ae50d', 'dncs-ca-g2@gmail.com', NULL, NULL, '$2y$10$6mEA6kN9PHp.jKc4QqLi8ef1SO92lkA1Y.PPdR3TPzYwSvoUBLLzi', NULL, '4', '0', '2024-02-18 09:28:06', '2024-02-18 09:28:06'),
(286, 'DNCS CA G3', 'CA-65d1cda6c129e', 'dncs-ca-g3@gmail.com', NULL, NULL, '$2y$10$6soDna6.B0FN78UjJJ28VOMm3hfaLPBsAh3qk4TFB5vj2KiyZGYeO', NULL, '4', '0', '2024-02-18 09:28:06', '2024-02-18 09:28:06'),
(287, 'DNCS CA G4', 'CA-65d1cda6d5789', 'dncs-ca-g4@gmail.com', NULL, NULL, '$2y$10$kuHSEu8x04II.zheogci3eHzehYy1xnNf.1I6Fm5sUdkjbpvWIaES', NULL, '4', '0', '2024-02-18 09:28:06', '2024-02-18 09:28:06'),
(288, 'DNCS CA G5', 'CA-65d1cda6e7c0e', 'dncs-ca-g5@gmail.com', NULL, NULL, '$2y$10$Lqh9fOMV0HSyNxHNOjK6yOdty7XCqScvz3gRN96D.hzo14X8Epih2', NULL, '4', '0', '2024-02-18 09:28:06', '2024-02-18 09:28:06'),
(289, 'DNCS CA G6', 'CA-65d1cda706d54', 'dncs-ca-g6@gmail.com', NULL, NULL, '$2y$10$GNjLke45BFaygM/qbJB.V.26N41U1GPNWrng4k4N2XgUkKXJ8aMri', NULL, '4', '0', '2024-02-18 09:28:07', '2024-02-18 09:28:07');

-- --------------------------------------------------------

--
-- Table structure for table `user_logs`
--

CREATE TABLE `user_logs` (
  `id` bigint(20) UNSIGNED NOT NULL,
  `action` enum('Create','Update','Recover','Delete') NOT NULL,
  `old_value` text DEFAULT NULL,
  `new_value` text DEFAULT NULL,
  `table_name` varchar(255) NOT NULL,
  `user_id` bigint(20) UNSIGNED NOT NULL,
  `created_at` timestamp NULL DEFAULT NULL,
  `updated_at` timestamp NULL DEFAULT NULL
) ENGINE=InnoDB DEFAULT CHARSET=utf8mb4 COLLATE=utf8mb4_unicode_ci;

--
-- Dumping data for table `user_logs`
--

INSERT INTO `user_logs` (`id`, `action`, `old_value`, `new_value`, `table_name`, `user_id`, `created_at`, `updated_at`) VALUES
(168, 'Create', NULL, 'LRN: 111867070017, Name: Juan Reyes De La Cruz Jr., B-day: 2019-01-30, Gender: Male, Area: cacsacaca, Malilipot, Albay, Guardian: None | 09150728724', 'pupil', 282, '2024-01-17 00:30:42', '2024-01-17 00:30:42'),
(169, 'Create', NULL, 'PNA Code: 282-11-K-111867070056, Pupil ID: 97, Class Adviser ID: , Class ID: 11, School Year ID: 17, Height: 1.11, Weight: 24, BMI: Normal, HFA: Normal, Allergies: , Dietary Restriction: , Explanation: , Is Dewormed: 0, Is Permitted Deworming: , Month: 1', 'Pupil nutritional assessment', 282, '2024-01-17 16:50:26', '2024-01-17 16:50:26'),
(170, 'Create', NULL, 'PNA Code: 282-11-K-111867070055, Pupil ID: 96, Class Adviser ID: , Class ID: 11, School Year ID: 17, Height: 1.19, Weight: 24, BMI: Wasted, HFA: Normal, Allergies: , Dietary Restriction: , Explanation: , Is Dewormed: 0, Is Permitted Deworming: , Month: 1', 'Pupil nutritional assessment', 282, '2024-01-17 16:50:47', '2024-01-17 16:50:47'),
(171, 'Update', 'school_year: 2015-2016  2015-2016, phase:   , status: Active  Complete', NULL, 'school_years', 1, '2024-01-21 10:40:52', '2024-01-21 10:40:52'),
(172, 'Update', 'school_year: 2016-2017  2016-2017, phase:   , status: Unset  Active', NULL, 'school_years', 1, '2024-01-21 10:40:59', '2024-01-21 10:40:59'),
(173, 'Update', 'school_year: 2016-2017  2016-2017, phase:   , status: Active  Unset', NULL, 'school_years', 1, '2024-01-21 12:18:47', '2024-01-21 12:18:47'),
(174, 'Update', 'school_year: 2015-2016  2015-2016, phase:   , status: Complete  Active', NULL, 'school_years', 1, '2024-01-21 12:18:54', '2024-01-21 12:18:54'),
(175, 'Update', 'school_year: 2016-2017  2016-2017, phase:   , status: Unset  Active', NULL, 'school_years', 1, '2024-01-22 01:51:34', '2024-01-22 01:51:34'),
(176, 'Update', 'school_year: 2015-2016  2015-2016, phase:   , status: Active  Complete', NULL, 'school_years', 1, '2024-01-22 01:51:43', '2024-01-22 01:51:43'),
(177, 'Create', NULL, 'PNA Code: 48-11-1-111867070055, Pupil ID: 96, Class Adviser ID: , Class ID: 11, School Year ID: 18, Height: 1.21, Weight: 25, BMI: Wasted, HFA: Normal, Allergies: , Dietary Restriction: , Explanation: , Is Dewormed: 1, Is Permitted Deworming: 1, Month: 1', 'Pupil nutritional assessment', 48, '2024-01-22 01:58:31', '2024-01-22 01:58:31'),
(178, 'Create', NULL, 'PNA Code: 48-11-1-111867070055, Pupil ID: 96, Class Adviser ID: , Class ID: 14, School Year ID: 18, Height: 1.21, Weight: 28, BMI: Normal, HFA: Normal, Allergies: , Dietary Restriction: , Explanation: , Is Dewormed: 0, Is Permitted Deworming: , Month: 1', 'Pupil nutritional assessment', 48, '2024-01-22 02:52:38', '2024-01-22 02:52:38'),
(179, 'Create', NULL, 'PNA Code: 48-11-1-111867070055, Pupil ID: 96, Class Adviser ID: , Class ID: 14, School Year ID: 18, Height: 1.21, Weight: 28.00, BMI: Normal, HFA: Normal, Allergies: , Dietary Restriction: , Explanation: , Is Dewormed: 0, Is Permitted Deworming: , Month: 1', 'Pupil nutritional assessment', 48, '2024-01-23 11:40:38', '2024-01-23 11:40:38'),
(180, 'Create', NULL, 'PNA Code: 48-11-1-111867070055, Pupil ID: 96, Class Adviser ID: , Class ID: 14, School Year ID: 18, Height: 1.21, Weight: 28.00, BMI: Normal, HFA: Normal, Allergies: , Dietary Restriction: , Explanation: , Is Dewormed: 0, Is Permitted Deworming: , Month: 1', 'Pupil nutritional assessment', 48, '2024-01-23 11:58:04', '2024-01-23 11:58:04'),
(181, 'Update', 'Height: 1.21, Weight: 28.00, Is Dewormed: 0, Is Permitted Deworming: , Dietary Restriction: , Explanation: ', 'nutritionalAssessmentRecord: {\"id\":21,\"pna_code\":\"48-11-1-111867070055\",\"nsr_id\":null,\"pupil_id\":96,\"class_adviser_id\":48,\"schoolyear_id\":18,\"class_id\":14,\"height\":\"1.21\",\"weight\":\"28.00\",\"bmi\":\"Normal\",\"hfa\":\"Normal\",\"is_dewormed\":\"0\",\"is_permitted_deworming\":null,\"explanation\":null,\"dietary_restriction\":null,\"month\":1,\"is_deleted\":\"0\",\"created_at\":null,\"updated_at\":\"2024-01-23T08:57:27.000000Z\"}', 'Nutritional Assessments', 48, '2024-01-23 12:05:08', '2024-01-23 12:05:08'),
(182, 'Update', 'Height: 1.21, Weight: 28.00, Is Dewormed: 0, Is Permitted Deworming: 0, Dietary Restriction: , Explanation: ', 'nutritionalAssessmentRecord: {\"id\":21,\"pna_code\":\"48-11-1-111867070055\",\"nsr_id\":null,\"pupil_id\":96,\"class_adviser_id\":48,\"schoolyear_id\":18,\"class_id\":14,\"height\":\"1.21\",\"weight\":\"28.00\",\"bmi\":\"Normal\",\"hfa\":\"Normal\",\"is_dewormed\":\"0\",\"is_permitted_deworming\":\"0\",\"explanation\":\"\",\"dietary_restriction\":\"\",\"month\":1,\"is_deleted\":\"0\",\"created_at\":null,\"updated_at\":\"2024-01-23T12:05:08.000000Z\"}', 'Nutritional Assessments', 48, '2024-01-23 12:05:26', '2024-01-23 12:05:26'),
(183, 'Update', 'Height: 1.21, Weight: 28.00, Is Dewormed: 0, Is Permitted Deworming: 0, Dietary Restriction: , Explanation: ', 'nutritionalAssessmentRecord: {\"id\":21,\"pna_code\":\"48-11-1-111867070055\",\"nsr_id\":4,\"pupil_id\":96,\"class_adviser_id\":48,\"schoolyear_id\":18,\"class_id\":14,\"height\":\"1.21\",\"weight\":\"28.00\",\"bmi\":\"Normal\",\"hfa\":\"Normal\",\"is_dewormed\":\"0\",\"is_permitted_deworming\":\"0\",\"explanation\":\"\",\"dietary_restriction\":\"\",\"month\":1,\"is_deleted\":\"0\",\"created_at\":null,\"updated_at\":\"2024-01-23T12:05:53.000000Z\"}', 'Nutritional Assessments', 48, '2024-01-23 12:06:50', '2024-01-23 12:06:50'),
(184, 'Create', NULL, 'PNA Code: 48-11-1-111867070055, Pupil ID: 96, Class Adviser ID: , Class ID: 14, School Year ID: 18, Height: 1.21, Weight: 28.00, BMI: Normal, HFA: Normal, Allergies: , Dietary Restriction: allergic to seafoods, Explanation: , Is Dewormed: 1, Is Permitted Deworming: 1, Month: 1', 'Pupil nutritional assessment', 48, '2024-01-24 03:02:24', '2024-01-24 03:02:24'),
(185, 'Update', 'school_year: 2016-2017  2016-2017, phase:   , status: Active  Unset', NULL, 'school_years', 1, '2024-02-18 09:30:54', '2024-02-18 09:30:54'),
(186, 'Update', 'school_year: 2017-2018  2017-2018, phase:   , status: Unset  Active', NULL, 'school_years', 1, '2024-02-18 09:31:00', '2024-02-18 09:31:00'),
(187, 'Create', NULL, 'PNA Code: 48-11-2-111867070055, Pupil ID: 96, Class Adviser ID: , Class ID: 15, School Year ID: 19, Height: 1.32, Weight: 42, BMI: Overweight, HFA: Normal, Allergies: , Dietary Restriction: , Explanation: Nothing so far, Is Dewormed: 0, Is Permitted Deworming: , Month: 2', 'Pupil nutritional assessment', 48, '2024-02-18 09:38:06', '2024-02-18 09:38:06');

--
-- Indexes for dumped tables
--

--
-- Indexes for table `beneficiaries`
--
ALTER TABLE `beneficiaries`
  ADD PRIMARY KEY (`id`),
  ADD KEY `beneficiaries_pupil_id_foreign` (`pupil_id`),
  ADD KEY `beneficiaries_classadviser_id_foreign` (`classadviser_id`),
  ADD KEY `beneficiaries_school_nurse_id_foreign` (`school_nurse_id`),
  ADD KEY `beneficiaries_class_id_foreign` (`class_id`),
  ADD KEY `beneficiaries_schoolyear_id_foreign` (`schoolyear_id`),
  ADD KEY `fk_beneficiaries_district` (`district_id`);

--
-- Indexes for table `class`
--
ALTER TABLE `class`
  ADD PRIMARY KEY (`id`),
  ADD KEY `class_school_id_foreign` (`school_id`),
  ADD KEY `class_classadviser_id_foreign` (`classadviser_id`),
  ADD KEY `class_schoolyear_id_foreign` (`schoolyear_id`),
  ADD KEY `fk_section` (`section_id`);

--
-- Indexes for table `cnsr_list`
--
ALTER TABLE `cnsr_list`
  ADD PRIMARY KEY (`id`),
  ADD KEY `cnsr_list_school_id_foreign` (`school_id`),
  ADD KEY `cnsr_list_school_nurse_id_foreign` (`school_nurse_id`),
  ADD KEY `cnsr_list_schoolyear_id_foreign` (`schoolyear_id`),
  ADD KEY `fk_cnsr_list_district_cnsr_id` (`district_cnsr_id`);

--
-- Indexes for table `districts_table`
--
ALTER TABLE `districts_table`
  ADD PRIMARY KEY (`id`),
  ADD UNIQUE KEY `districts_table_district_unique` (`district`),
  ADD UNIQUE KEY `districts_table_medical_officer_id_unique` (`medical_officer_id`);

--
-- Indexes for table `district_cnsr_list`
--
ALTER TABLE `district_cnsr_list`
  ADD PRIMARY KEY (`id`),
  ADD KEY `district_cnsr_list_district_id_foreign` (`district_id`),
  ADD KEY `district_cnsr_list_medical_officer_id_foreign` (`medical_officer_id`),
  ADD KEY `district_cnsr_list_schoolyear_id_foreign` (`schoolyear_id`);

--
-- Indexes for table `health_conduct`
--
ALTER TABLE `health_conduct`
  ADD PRIMARY KEY (`id`),
  ADD KEY `pupil_id` (`pupil_id`),
  ADD KEY `class_id` (`class_id`);

--
-- Indexes for table `hfa_standards`
--
ALTER TABLE `hfa_standards`
  ADD PRIMARY KEY (`id`);

--
-- Indexes for table `masterlists`
--
ALTER TABLE `masterlists`
  ADD PRIMARY KEY (`id`),
  ADD KEY `masterlists_pupil_id_foreign` (`pupil_id`),
  ADD KEY `masterlists_classadviser_id_foreign` (`classadviser_id`),
  ADD KEY `masterlists_class_id_foreign` (`class_id`),
  ADD KEY `masterlists_schoolyear_id_foreign` (`schoolyear_id`);

--
-- Indexes for table `migrations`
--
ALTER TABLE `migrations`
  ADD PRIMARY KEY (`id`);

--
-- Indexes for table `nsr_list`
--
ALTER TABLE `nsr_list`
  ADD PRIMARY KEY (`id`),
  ADD KEY `nsr_list_section_id_foreign` (`section_id`),
  ADD KEY `nsr_list_class_adviser_id_foreign` (`class_adviser_id`),
  ADD KEY `nsr_list_schoolyear_id_foreign` (`schoolyear_id`),
  ADD KEY `nsr_list_cnsr_id_foreign` (`cnsr_id`),
  ADD KEY `fk_nsr_list_school_id` (`school_id`);

--
-- Indexes for table `pupil`
--
ALTER TABLE `pupil`
  ADD PRIMARY KEY (`id`),
  ADD UNIQUE KEY `pupil_lrn_unique` (`lrn`),
  ADD KEY `pupil_added_by_foreign` (`added_by`);

--
-- Indexes for table `pupil_nutritional_assessments`
--
ALTER TABLE `pupil_nutritional_assessments`
  ADD PRIMARY KEY (`id`),
  ADD KEY `pupil_nutritional_assessments_nsr_id_foreign` (`nsr_id`),
  ADD KEY `pupil_nutritional_assessments_pupil_id_foreign` (`pupil_id`),
  ADD KEY `pupil_nutritional_assessments_class_adviser_id_foreign` (`class_adviser_id`),
  ADD KEY `pupil_nutritional_assessments_schoolyear_id_foreign` (`schoolyear_id`),
  ADD KEY `pupil_nutritional_assessments_class_id_foreign` (`class_id`);

--
-- Indexes for table `referrals`
--
ALTER TABLE `referrals`
  ADD PRIMARY KEY (`id`),
  ADD KEY `referrals_pupil_id_foreign` (`pupil_id`),
  ADD KEY `referrals_classadviser_id_foreign` (`classadviser_id`),
  ADD KEY `referrals_class_id_foreign` (`class_id`),
  ADD KEY `referrals_schoolyear_id_foreign` (`schoolyear_id`),
  ADD KEY `referrals_school_nurse_id_foreign` (`school_nurse_id`);

--
-- Indexes for table `schools_table`
--
ALTER TABLE `schools_table`
  ADD PRIMARY KEY (`id`),
  ADD UNIQUE KEY `schools_table_school_id_unique` (`school_id`),
  ADD UNIQUE KEY `schools_table_school_nurse_id_unique` (`school_nurse_id`),
  ADD KEY `schools_table_district_id_foreign` (`district_id`);

--
-- Indexes for table `school_year`
--
ALTER TABLE `school_year`
  ADD PRIMARY KEY (`id`);

--
-- Indexes for table `sections`
--
ALTER TABLE `sections`
  ADD PRIMARY KEY (`id`),
  ADD KEY `sections_school_id_foreign` (`school_id`);

--
-- Indexes for table `users`
--
ALTER TABLE `users`
  ADD PRIMARY KEY (`id`),
  ADD UNIQUE KEY `users_unique_id_unique` (`unique_id`),
  ADD UNIQUE KEY `users_email_unique` (`email`);

--
-- Indexes for table `user_logs`
--
ALTER TABLE `user_logs`
  ADD PRIMARY KEY (`id`),
  ADD KEY `user_logs_user_id_foreign` (`user_id`);

--
-- AUTO_INCREMENT for dumped tables
--

--
-- AUTO_INCREMENT for table `beneficiaries`
--
ALTER TABLE `beneficiaries`
  MODIFY `id` bigint(20) UNSIGNED NOT NULL AUTO_INCREMENT, AUTO_INCREMENT=36;

--
-- AUTO_INCREMENT for table `class`
--
ALTER TABLE `class`
  MODIFY `id` bigint(20) UNSIGNED NOT NULL AUTO_INCREMENT, AUTO_INCREMENT=16;

--
-- AUTO_INCREMENT for table `cnsr_list`
--
ALTER TABLE `cnsr_list`
  MODIFY `id` bigint(20) UNSIGNED NOT NULL AUTO_INCREMENT, AUTO_INCREMENT=7;

--
-- AUTO_INCREMENT for table `districts_table`
--
ALTER TABLE `districts_table`
  MODIFY `id` bigint(20) UNSIGNED NOT NULL AUTO_INCREMENT, AUTO_INCREMENT=26;

--
-- AUTO_INCREMENT for table `district_cnsr_list`
--
ALTER TABLE `district_cnsr_list`
  MODIFY `id` bigint(20) UNSIGNED NOT NULL AUTO_INCREMENT, AUTO_INCREMENT=2;

--
-- AUTO_INCREMENT for table `health_conduct`
--
ALTER TABLE `health_conduct`
  MODIFY `id` int(11) NOT NULL AUTO_INCREMENT, AUTO_INCREMENT=13;

--
-- AUTO_INCREMENT for table `hfa_standards`
--
ALTER TABLE `hfa_standards`
  MODIFY `id` bigint(20) UNSIGNED NOT NULL AUTO_INCREMENT, AUTO_INCREMENT=901;

--
-- AUTO_INCREMENT for table `masterlists`
--
ALTER TABLE `masterlists`
  MODIFY `id` bigint(20) UNSIGNED NOT NULL AUTO_INCREMENT, AUTO_INCREMENT=29;

--
-- AUTO_INCREMENT for table `migrations`
--
ALTER TABLE `migrations`
  MODIFY `id` int(10) UNSIGNED NOT NULL AUTO_INCREMENT, AUTO_INCREMENT=364;

--
-- AUTO_INCREMENT for table `nsr_list`
--
ALTER TABLE `nsr_list`
  MODIFY `id` bigint(20) UNSIGNED NOT NULL AUTO_INCREMENT, AUTO_INCREMENT=7;

--
-- AUTO_INCREMENT for table `pupil`
--
ALTER TABLE `pupil`
  MODIFY `id` bigint(20) UNSIGNED NOT NULL AUTO_INCREMENT, AUTO_INCREMENT=101;

--
-- AUTO_INCREMENT for table `pupil_nutritional_assessments`
--
ALTER TABLE `pupil_nutritional_assessments`
  MODIFY `id` bigint(20) UNSIGNED NOT NULL AUTO_INCREMENT, AUTO_INCREMENT=23;

--
-- AUTO_INCREMENT for table `referrals`
--
ALTER TABLE `referrals`
  MODIFY `id` bigint(20) UNSIGNED NOT NULL AUTO_INCREMENT, AUTO_INCREMENT=6;

--
-- AUTO_INCREMENT for table `schools_table`
--
ALTER TABLE `schools_table`
  MODIFY `id` bigint(20) UNSIGNED NOT NULL AUTO_INCREMENT, AUTO_INCREMENT=25;

--
-- AUTO_INCREMENT for table `school_year`
--
ALTER TABLE `school_year`
  MODIFY `id` bigint(20) UNSIGNED NOT NULL AUTO_INCREMENT, AUTO_INCREMENT=20;

--
-- AUTO_INCREMENT for table `sections`
--
ALTER TABLE `sections`
  MODIFY `id` bigint(20) UNSIGNED NOT NULL AUTO_INCREMENT, AUTO_INCREMENT=11;

--
-- AUTO_INCREMENT for table `users`
--
ALTER TABLE `users`
  MODIFY `id` bigint(20) UNSIGNED NOT NULL AUTO_INCREMENT, AUTO_INCREMENT=290;

--
-- AUTO_INCREMENT for table `user_logs`
--
ALTER TABLE `user_logs`
  MODIFY `id` bigint(20) UNSIGNED NOT NULL AUTO_INCREMENT, AUTO_INCREMENT=188;

--
-- Constraints for dumped tables
--

--
-- Constraints for table `beneficiaries`
--
ALTER TABLE `beneficiaries`
  ADD CONSTRAINT `beneficiaries_class_id_foreign` FOREIGN KEY (`class_id`) REFERENCES `class` (`id`) ON DELETE CASCADE,
  ADD CONSTRAINT `beneficiaries_classadviser_id_foreign` FOREIGN KEY (`classadviser_id`) REFERENCES `users` (`id`) ON DELETE CASCADE,
  ADD CONSTRAINT `beneficiaries_pupil_id_foreign` FOREIGN KEY (`pupil_id`) REFERENCES `pupil` (`id`) ON DELETE CASCADE,
  ADD CONSTRAINT `beneficiaries_school_nurse_id_foreign` FOREIGN KEY (`school_nurse_id`) REFERENCES `users` (`id`) ON DELETE CASCADE,
  ADD CONSTRAINT `beneficiaries_schoolyear_id_foreign` FOREIGN KEY (`schoolyear_id`) REFERENCES `school_year` (`id`) ON DELETE CASCADE,
  ADD CONSTRAINT `fk_beneficiaries_district` FOREIGN KEY (`district_id`) REFERENCES `districts_table` (`id`) ON DELETE CASCADE;

--
-- Constraints for table `class`
--
ALTER TABLE `class`
  ADD CONSTRAINT `class_classadviser_id_foreign` FOREIGN KEY (`classadviser_id`) REFERENCES `users` (`id`) ON DELETE CASCADE,
  ADD CONSTRAINT `class_school_id_foreign` FOREIGN KEY (`school_id`) REFERENCES `schools_table` (`id`) ON DELETE CASCADE,
  ADD CONSTRAINT `class_schoolyear_id_foreign` FOREIGN KEY (`schoolyear_id`) REFERENCES `school_year` (`id`) ON DELETE CASCADE,
  ADD CONSTRAINT `fk_section` FOREIGN KEY (`section_id`) REFERENCES `sections` (`id`) ON DELETE CASCADE;

--
-- Constraints for table `cnsr_list`
--
ALTER TABLE `cnsr_list`
  ADD CONSTRAINT `cnsr_list_school_id_foreign` FOREIGN KEY (`school_id`) REFERENCES `schools_table` (`id`),
  ADD CONSTRAINT `cnsr_list_school_nurse_id_foreign` FOREIGN KEY (`school_nurse_id`) REFERENCES `users` (`id`),
  ADD CONSTRAINT `cnsr_list_schoolyear_id_foreign` FOREIGN KEY (`schoolyear_id`) REFERENCES `school_year` (`id`),
  ADD CONSTRAINT `fk_cnsr_list_district_cnsr_id` FOREIGN KEY (`district_cnsr_id`) REFERENCES `district_cnsr_list` (`id`);

--
-- Constraints for table `districts_table`
--
ALTER TABLE `districts_table`
  ADD CONSTRAINT `districts_table_medical_officer_id_foreign` FOREIGN KEY (`medical_officer_id`) REFERENCES `users` (`id`) ON DELETE CASCADE;

--
-- Constraints for table `district_cnsr_list`
--
ALTER TABLE `district_cnsr_list`
  ADD CONSTRAINT `district_cnsr_list_district_id_foreign` FOREIGN KEY (`district_id`) REFERENCES `districts_table` (`id`),
  ADD CONSTRAINT `district_cnsr_list_medical_officer_id_foreign` FOREIGN KEY (`medical_officer_id`) REFERENCES `users` (`id`),
  ADD CONSTRAINT `district_cnsr_list_schoolyear_id_foreign` FOREIGN KEY (`schoolyear_id`) REFERENCES `school_year` (`id`);

--
-- Constraints for table `health_conduct`
--
ALTER TABLE `health_conduct`
  ADD CONSTRAINT `health_conduct_ibfk_1` FOREIGN KEY (`pupil_id`) REFERENCES `pupil` (`id`),
  ADD CONSTRAINT `health_conduct_ibfk_2` FOREIGN KEY (`class_id`) REFERENCES `class` (`id`);

--
-- Constraints for table `masterlists`
--
ALTER TABLE `masterlists`
  ADD CONSTRAINT `masterlists_class_id_foreign` FOREIGN KEY (`class_id`) REFERENCES `class` (`id`) ON DELETE CASCADE,
  ADD CONSTRAINT `masterlists_classadviser_id_foreign` FOREIGN KEY (`classadviser_id`) REFERENCES `users` (`id`) ON DELETE CASCADE,
  ADD CONSTRAINT `masterlists_pupil_id_foreign` FOREIGN KEY (`pupil_id`) REFERENCES `pupil` (`id`) ON DELETE CASCADE,
  ADD CONSTRAINT `masterlists_schoolyear_id_foreign` FOREIGN KEY (`schoolyear_id`) REFERENCES `school_year` (`id`) ON DELETE CASCADE;

--
-- Constraints for table `nsr_list`
--
ALTER TABLE `nsr_list`
  ADD CONSTRAINT `fk_nsr_list_school_id` FOREIGN KEY (`school_id`) REFERENCES `schools_table` (`id`),
  ADD CONSTRAINT `nsr_list_class_adviser_id_foreign` FOREIGN KEY (`class_adviser_id`) REFERENCES `users` (`id`),
  ADD CONSTRAINT `nsr_list_cnsr_id_foreign` FOREIGN KEY (`cnsr_id`) REFERENCES `cnsr_list` (`id`),
  ADD CONSTRAINT `nsr_list_schoolyear_id_foreign` FOREIGN KEY (`schoolyear_id`) REFERENCES `school_year` (`id`),
  ADD CONSTRAINT `nsr_list_section_id_foreign` FOREIGN KEY (`section_id`) REFERENCES `class` (`id`);

--
-- Constraints for table `pupil`
--
ALTER TABLE `pupil`
  ADD CONSTRAINT `pupil_added_by_foreign` FOREIGN KEY (`added_by`) REFERENCES `users` (`id`) ON DELETE CASCADE;

--
-- Constraints for table `pupil_nutritional_assessments`
--
ALTER TABLE `pupil_nutritional_assessments`
  ADD CONSTRAINT `pupil_nutritional_assessments_class_adviser_id_foreign` FOREIGN KEY (`class_adviser_id`) REFERENCES `users` (`id`),
  ADD CONSTRAINT `pupil_nutritional_assessments_class_id_foreign` FOREIGN KEY (`class_id`) REFERENCES `class` (`id`),
  ADD CONSTRAINT `pupil_nutritional_assessments_nsr_id_foreign` FOREIGN KEY (`nsr_id`) REFERENCES `nsr_list` (`id`),
  ADD CONSTRAINT `pupil_nutritional_assessments_pupil_id_foreign` FOREIGN KEY (`pupil_id`) REFERENCES `pupil` (`id`),
  ADD CONSTRAINT `pupil_nutritional_assessments_schoolyear_id_foreign` FOREIGN KEY (`schoolyear_id`) REFERENCES `school_year` (`id`);

--
-- Constraints for table `referrals`
--
ALTER TABLE `referrals`
  ADD CONSTRAINT `referrals_class_id_foreign` FOREIGN KEY (`class_id`) REFERENCES `class` (`id`) ON DELETE CASCADE,
  ADD CONSTRAINT `referrals_classadviser_id_foreign` FOREIGN KEY (`classadviser_id`) REFERENCES `users` (`id`) ON DELETE CASCADE,
  ADD CONSTRAINT `referrals_pupil_id_foreign` FOREIGN KEY (`pupil_id`) REFERENCES `pupil` (`id`) ON DELETE CASCADE,
  ADD CONSTRAINT `referrals_school_nurse_id_foreign` FOREIGN KEY (`school_nurse_id`) REFERENCES `users` (`id`) ON DELETE CASCADE,
  ADD CONSTRAINT `referrals_schoolyear_id_foreign` FOREIGN KEY (`schoolyear_id`) REFERENCES `school_year` (`id`) ON DELETE CASCADE;

--
-- Constraints for table `schools_table`
--
ALTER TABLE `schools_table`
  ADD CONSTRAINT `schools_table_district_id_foreign` FOREIGN KEY (`district_id`) REFERENCES `districts_table` (`id`) ON DELETE CASCADE,
  ADD CONSTRAINT `schools_table_school_nurse_id_foreign` FOREIGN KEY (`school_nurse_id`) REFERENCES `users` (`id`) ON DELETE CASCADE;

--
-- Constraints for table `sections`
--
ALTER TABLE `sections`
  ADD CONSTRAINT `sections_school_id_foreign` FOREIGN KEY (`school_id`) REFERENCES `schools_table` (`id`) ON DELETE CASCADE;

--
-- Constraints for table `user_logs`
--
ALTER TABLE `user_logs`
  ADD CONSTRAINT `user_logs_user_id_foreign` FOREIGN KEY (`user_id`) REFERENCES `users` (`id`) ON DELETE CASCADE;
COMMIT;

/*!40101 SET CHARACTER_SET_CLIENT=@OLD_CHARACTER_SET_CLIENT */;
/*!40101 SET CHARACTER_SET_RESULTS=@OLD_CHARACTER_SET_RESULTS */;
/*!40101 SET COLLATION_CONNECTION=@OLD_COLLATION_CONNECTION */;
